date,keyword,alias,mentions
2025-09-09,yesstyle,yesstyle,12
2025-09-10,yesstyle,yesstyle,11
2025-09-11,yesstyle,yesstyle,11
2025-09-12,yesstyle,yesstyle,13
2025-09-13,yesstyle,yesstyle,16
2025-09-14,yesstyle,yesstyle,16
2025-09-15,yesstyle,yesstyle,7
2025-09-09,rentox,rentox,0
2025-09-10,rentox,rentox,0
2025-09-11,rentox,rentox,1
2025-09-12,rentox,rentox,0
2025-09-13,rentox,rentox,0
2025-09-14,rentox,rentox,0
2025-09-15,rentox,rentox,0
2025-09-09,olive young,olive young,3
2025-09-10,olive young,olive young,2
2025-09-11,olive young,olive young,2
2025-09-12,olive young,olive young,4
2025-09-13,olive young,olive young,3
2025-09-14,olive young,olive young,4
2025-09-15,olive young,olive young,5
2025-09-09,olive young,olive-young,0
2025-09-10,olive young,olive-young,0
2025-09-11,olive young,olive-young,0
2025-09-12,olive young,olive-young,0
2025-09-13,olive young,olive-young,0
2025-09-14,olive young,olive-young,0
2025-09-15,olive young,olive-young,0
2025-09-09,olive young,olive.young,0
2025-09-10,olive young,olive.young,0
2025-09-11,olive young,olive.young,0
2025-09-12,olive young,olive.young,0
2025-09-13,olive young,olive.young,0
2025-09-14,olive young,olive.young,0
2025-09-15,olive young,olive.young,0
2025-09-09,olive young,olive_young,0
2025-09-10,olive young,olive_young,0
2025-09-11,olive young,olive_young,0
2025-09-12,olive young,olive_young,0
2025-09-13,olive young,olive_young,0
2025-09-14,olive young,olive_young,0
2025-09-15,olive young,olive_young,0
2025-09-09,olive young,oliveyoung,0
2025-09-10,olive young,oliveyoung,0
2025-09-11,olive young,oliveyoung,0
2025-09-12,olive young,oliveyoung,0
2025-09-13,olive young,oliveyoung,1
2025-09-14,olive young,oliveyoung,0
2025-09-15,olive young,oliveyoung,1
2025-09-09,innisfree,innisfree,5
2025-09-10,innisfree,innisfree,1
2025-09-11,innisfree,innisfree,3
2025-09-12,innisfree,innisfree,1
2025-09-13,innisfree,innisfree,3
2025-09-14,innisfree,innisfree,2
2025-09-15,innisfree,innisfree,8
2025-09-09,reedle shot,reedle shot,0
2025-09-10,reedle shot,reedle shot,0
2025-09-11,reedle shot,reedle shot,3
2025-09-12,reedle shot,reedle shot,1
2025-09-13,reedle shot,reedle shot,0
2025-09-14,reedle shot,reedle shot,0
2025-09-15,reedle shot,reedle shot,0
2025-09-09,reedle shot,reedle-shot,0
2025-09-10,reedle shot,reedle-shot,0
2025-09-11,reedle shot,reedle-shot,0
2025-09-12,reedle shot,reedle-shot,0
2025-09-13,reedle shot,reedle-shot,0
2025-09-14,reedle shot,reedle-shot,0
2025-09-15,reedle shot,reedle-shot,0
2025-09-09,reedle shot,reedle.shot,0
2025-09-10,reedle shot,reedle.shot,0
2025-09-11,reedle shot,reedle.shot,0
2025-09-12,reedle shot,reedle.shot,0
2025-09-13,reedle shot,reedle.shot,0
2025-09-14,reedle shot,reedle.shot,0
2025-09-15,reedle shot,reedle.shot,0
2025-09-09,reedle shot,reedle_shot,0
2025-09-10,reedle shot,reedle_shot,0
2025-09-11,reedle shot,reedle_shot,0
2025-09-12,reedle shot,reedle_shot,0
2025-09-13,reedle shot,reedle_shot,0
2025-09-14,reedle shot,reedle_shot,0
2025-09-15,reedle shot,reedle_shot,0
2025-09-09,reedle shot,reedleshot,0
2025-09-10,reedle shot,reedleshot,0
2025-09-11,reedle shot,reedleshot,0
2025-09-12,reedle shot,reedleshot,0
2025-09-13,reedle shot,reedleshot,0
2025-09-14,reedle shot,reedleshot,0
2025-09-15,reedle shot,reedleshot,0
2025-09-09,jolse,jolse,0
2025-09-10,jolse,jolse,0
2025-09-11,jolse,jolse,0
2025-09-12,jolse,jolse,0
2025-09-13,jolse,jolse,0
2025-09-14,jolse,jolse,0
2025-09-15,jolse,jolse,0
2025-09-09,cell fusion c,cell fusion c,2
2025-09-10,cell fusion c,cell fusion c,1
2025-09-11,cell fusion c,cell fusion c,1
2025-09-12,cell fusion c,cell fusion c,0
2025-09-13,cell fusion c,cell fusion c,1
2025-09-14,cell fusion c,cell fusion c,1
2025-09-15,cell fusion c,cell fusion c,1
2025-09-09,cell fusion c,cell-fusion-c,0
2025-09-10,cell fusion c,cell-fusion-c,0
2025-09-11,cell fusion c,cell-fusion-c,0
2025-09-12,cell fusion c,cell-fusion-c,0
2025-09-13,cell fusion c,cell-fusion-c,0
2025-09-14,cell fusion c,cell-fusion-c,0
2025-09-15,cell fusion c,cell-fusion-c,0
2025-09-09,cell fusion c,cell.fusion.c,0
2025-09-10,cell fusion c,cell.fusion.c,0
2025-09-11,cell fusion c,cell.fusion.c,0
2025-09-12,cell fusion c,cell.fusion.c,0
2025-09-13,cell fusion c,cell.fusion.c,0
2025-09-14,cell fusion c,cell.fusion.c,0
2025-09-15,cell fusion c,cell.fusion.c,0
2025-09-09,cell fusion c,cell_fusion_c,0
2025-09-10,cell fusion c,cell_fusion_c,0
2025-09-11,cell fusion c,cell_fusion_c,0
2025-09-12,cell fusion c,cell_fusion_c,0
2025-09-13,cell fusion c,cell_fusion_c,0
2025-09-14,cell fusion c,cell_fusion_c,0
2025-09-15,cell fusion c,cell_fusion_c,0
2025-09-09,cell fusion c,cellfusionc,0
2025-09-10,cell fusion c,cellfusionc,0
2025-09-11,cell fusion c,cellfusionc,0
2025-09-12,cell fusion c,cellfusionc,0
2025-09-13,cell fusion c,cellfusionc,0
2025-09-14,cell fusion c,cellfusionc,0
2025-09-15,cell fusion c,cellfusionc,0
2025-09-09,history of whoo,history of whoo,0
2025-09-10,history of whoo,history of whoo,0
2025-09-11,history of whoo,history of whoo,0
2025-09-12,history of whoo,history of whoo,0
2025-09-13,history of whoo,history of whoo,0
2025-09-14,history of whoo,history of whoo,1
2025-09-15,history of whoo,history of whoo,0
2025-09-09,history of whoo,history-of-whoo,0
2025-09-10,history of whoo,history-of-whoo,0
2025-09-11,history of whoo,history-of-whoo,0
2025-09-12,history of whoo,history-of-whoo,0
2025-09-13,history of whoo,history-of-whoo,0
2025-09-14,history of whoo,history-of-whoo,0
2025-09-15,history of whoo,history-of-whoo,0
2025-09-09,history of whoo,history.of.whoo,0
2025-09-10,history of whoo,history.of.whoo,0
2025-09-11,history of whoo,history.of.whoo,0
2025-09-12,history of whoo,history.of.whoo,0
2025-09-13,history of whoo,history.of.whoo,0
2025-09-14,history of whoo,history.of.whoo,0
2025-09-15,history of whoo,history.of.whoo,0
2025-09-09,history of whoo,history_of_whoo,0
2025-09-10,history of whoo,history_of_whoo,0
2025-09-11,history of whoo,history_of_whoo,0
2025-09-12,history of whoo,history_of_whoo,0
2025-09-13,history of whoo,history_of_whoo,0
2025-09-14,history of whoo,history_of_whoo,0
2025-09-15,history of whoo,history_of_whoo,0
2025-09-09,history of whoo,historyofwhoo,0
2025-09-10,history of whoo,historyofwhoo,0
2025-09-11,history of whoo,historyofwhoo,0
2025-09-12,history of whoo,historyofwhoo,0
2025-09-13,history of whoo,historyofwhoo,0
2025-09-14,history of whoo,historyofwhoo,0
2025-09-15,history of whoo,historyofwhoo,0
2025-09-09,the whoo,the whoo,0
2025-09-10,the whoo,the whoo,0
2025-09-11,the whoo,the whoo,0
2025-09-12,the whoo,the whoo,0
2025-09-13,the whoo,the whoo,0
2025-09-14,the whoo,the whoo,1
2025-09-15,the whoo,the whoo,0
2025-09-09,the whoo,the-whoo,0
2025-09-10,the whoo,the-whoo,0
2025-09-11,the whoo,the-whoo,0
2025-09-12,the whoo,the-whoo,0
2025-09-13,the whoo,the-whoo,0
2025-09-14,the whoo,the-whoo,0
2025-09-15,the whoo,the-whoo,0
2025-09-09,the whoo,the.whoo,0
2025-09-10,the whoo,the.whoo,0
2025-09-11,the whoo,the.whoo,0
2025-09-12,the whoo,the.whoo,0
2025-09-13,the whoo,the.whoo,0
2025-09-14,the whoo,the.whoo,0
2025-09-15,the whoo,the.whoo,0
2025-09-09,the whoo,the_whoo,0
2025-09-10,the whoo,the_whoo,0
2025-09-11,the whoo,the_whoo,0
2025-09-12,the whoo,the_whoo,0
2025-09-13,the whoo,the_whoo,0
2025-09-14,the whoo,the_whoo,0
2025-09-15,the whoo,the_whoo,0
2025-09-09,the whoo,thewhoo,0
2025-09-10,the whoo,thewhoo,0
2025-09-11,the whoo,thewhoo,0
2025-09-12,the whoo,thewhoo,0
2025-09-13,the whoo,thewhoo,0
2025-09-14,the whoo,thewhoo,0
2025-09-15,the whoo,thewhoo,0
2025-09-09,ohui,ohui,0
2025-09-10,ohui,ohui,0
2025-09-11,ohui,ohui,0
2025-09-12,ohui,ohui,0
2025-09-13,ohui,ohui,0
2025-09-14,ohui,ohui,0
2025-09-15,ohui,ohui,0
2025-09-09,belif,belif,2
2025-09-10,belif,belif,0
2025-09-11,belif,belif,1
2025-09-12,belif,belif,0
2025-09-13,belif,belif,2
2025-09-14,belif,belif,1
2025-09-15,belif,belif,0
2025-09-09,nabota,nabota,0
2025-09-10,nabota,nabota,0
2025-09-11,nabota,nabota,0
2025-09-12,nabota,nabota,0
2025-09-13,nabota,nabota,0
2025-09-14,nabota,nabota,0
2025-09-15,nabota,nabota,1
2025-09-09,jeuveau,jeuveau,0
2025-09-10,jeuveau,jeuveau,0
2025-09-11,jeuveau,jeuveau,0
2025-09-12,jeuveau,jeuveau,1
2025-09-13,jeuveau,jeuveau,0
2025-09-14,jeuveau,jeuveau,0
2025-09-15,jeuveau,jeuveau,0
2025-09-09,merzy,merzy,0
2025-09-10,merzy,merzy,0
2025-09-11,merzy,merzy,0
2025-09-12,merzy,merzy,0
2025-09-13,merzy,merzy,0
2025-09-14,merzy,merzy,0
2025-09-15,merzy,merzy,0
2025-09-09,missha,missha,4
2025-09-10,missha,missha,1
2025-09-11,missha,missha,2
2025-09-12,missha,missha,0
2025-09-13,missha,missha,2
2025-09-14,missha,missha,3
2025-09-15,missha,missha,3
2025-09-09,a'pieu,a'pieu,1
2025-09-10,a'pieu,a'pieu,0
2025-09-11,a'pieu,a'pieu,2
2025-09-12,a'pieu,a'pieu,0
2025-09-13,a'pieu,a'pieu,2
2025-09-14,a'pieu,a'pieu,1
2025-09-15,a'pieu,a'pieu,1
2025-09-09,a'pieu,a-pieu,2
2025-09-10,a'pieu,a-pieu,0
2025-09-11,a'pieu,a-pieu,0
2025-09-12,a'pieu,a-pieu,0
2025-09-13,a'pieu,a-pieu,0
2025-09-14,a'pieu,a-pieu,0
2025-09-15,a'pieu,a-pieu,0
2025-09-09,a'pieu,a.pieu,0
2025-09-10,a'pieu,a.pieu,0
2025-09-11,a'pieu,a.pieu,0
2025-09-12,a'pieu,a.pieu,0
2025-09-13,a'pieu,a.pieu,0
2025-09-14,a'pieu,a.pieu,0
2025-09-15,a'pieu,a.pieu,0
2025-09-09,a'pieu,a_pieu,0
2025-09-10,a'pieu,a_pieu,0
2025-09-11,a'pieu,a_pieu,0
2025-09-12,a'pieu,a_pieu,0
2025-09-13,a'pieu,a_pieu,0
2025-09-14,a'pieu,a_pieu,0
2025-09-15,a'pieu,a_pieu,0
2025-09-09,a'pieu,ap,0
2025-09-10,a'pieu,ap,3
2025-09-11,a'pieu,ap,2
2025-09-12,a'pieu,ap,3
2025-09-13,a'pieu,ap,1
2025-09-14,a'pieu,ap,1
2025-09-15,a'pieu,ap,0
2025-09-09,a'pieu,apieu,0
2025-09-10,a'pieu,apieu,0
2025-09-11,a'pieu,apieu,0
2025-09-12,a'pieu,apieu,0
2025-09-13,a'pieu,apieu,0
2025-09-14,a'pieu,apieu,0
2025-09-15,a'pieu,apieu,0
2025-09-09,madeca,madeca,0
2025-09-10,madeca,madeca,0
2025-09-11,madeca,madeca,1
2025-09-12,madeca,madeca,0
2025-09-13,madeca,madeca,0
2025-09-14,madeca,madeca,0
2025-09-15,madeca,madeca,0
2025-09-09,centellian,centellian,0
2025-09-10,centellian,centellian,0
2025-09-11,centellian,centellian,0
2025-09-12,centellian,centellian,0
2025-09-13,centellian,centellian,0
2025-09-14,centellian,centellian,0
2025-09-15,centellian,centellian,0
2025-09-09,innotox,innotox,2
2025-09-10,innotox,innotox,6
2025-09-11,innotox,innotox,1
2025-09-12,innotox,innotox,3
2025-09-13,innotox,innotox,3
2025-09-14,innotox,innotox,0
2025-09-15,innotox,innotox,2
2025-09-09,newlux,newlux,0
2025-09-10,newlux,newlux,0
2025-09-11,newlux,newlux,0
2025-09-12,newlux,newlux,0
2025-09-13,newlux,newlux,0
2025-09-14,newlux,newlux,0
2025-09-15,newlux,newlux,0
2025-09-09,sulwhasoo,sulwhasoo,0
2025-09-10,sulwhasoo,sulwhasoo,0
2025-09-11,sulwhasoo,sulwhasoo,0
2025-09-12,sulwhasoo,sulwhasoo,0
2025-09-13,sulwhasoo,sulwhasoo,1
2025-09-14,sulwhasoo,sulwhasoo,0
2025-09-15,sulwhasoo,sulwhasoo,0
2025-09-09,laneige,laneige,6
2025-09-10,laneige,laneige,7
2025-09-11,laneige,laneige,9
2025-09-12,laneige,laneige,12
2025-09-13,laneige,laneige,10
2025-09-14,laneige,laneige,18
2025-09-15,laneige,laneige,7
2025-09-09,iope,iope,1
2025-09-10,iope,iope,0
2025-09-11,iope,iope,0
2025-09-12,iope,iope,0
2025-09-13,iope,iope,0
2025-09-14,iope,iope,0
2025-09-15,iope,iope,1
2025-09-09,mamonde,mamonde,0
2025-09-10,mamonde,mamonde,0
2025-09-11,mamonde,mamonde,0
2025-09-12,mamonde,mamonde,0
2025-09-13,mamonde,mamonde,0
2025-09-14,mamonde,mamonde,0
2025-09-15,mamonde,mamonde,0
2025-09-09,cosrx,cosrx,17
2025-09-10,cosrx,cosrx,10
2025-09-11,cosrx,cosrx,12
2025-09-12,cosrx,cosrx,14
2025-09-13,cosrx,cosrx,10
2025-09-14,cosrx,cosrx,12
2025-09-15,cosrx,cosrx,10
2025-09-09,atopalm,atopalm,0
2025-09-10,atopalm,atopalm,0
2025-09-11,atopalm,atopalm,0
2025-09-12,atopalm,atopalm,0
2025-09-13,atopalm,atopalm,0
2025-09-14,atopalm,atopalm,0
2025-09-15,atopalm,atopalm,0
2025-09-09,real barrier,real barrier,0
2025-09-10,real barrier,real barrier,1
2025-09-11,real barrier,real barrier,1
2025-09-12,real barrier,real barrier,1
2025-09-13,real barrier,real barrier,1
2025-09-14,real barrier,real barrier,2
2025-09-15,real barrier,real barrier,1
2025-09-09,real barrier,real-barrier,0
2025-09-10,real barrier,real-barrier,0
2025-09-11,real barrier,real-barrier,0
2025-09-12,real barrier,real-barrier,0
2025-09-13,real barrier,real-barrier,0
2025-09-14,real barrier,real-barrier,0
2025-09-15,real barrier,real-barrier,0
2025-09-09,real barrier,real.barrier,0
2025-09-10,real barrier,real.barrier,0
2025-09-11,real barrier,real.barrier,0
2025-09-12,real barrier,real.barrier,0
2025-09-13,real barrier,real.barrier,0
2025-09-14,real barrier,real.barrier,0
2025-09-15,real barrier,real.barrier,0
2025-09-09,real barrier,real_barrier,0
2025-09-10,real barrier,real_barrier,0
2025-09-11,real barrier,real_barrier,0
2025-09-12,real barrier,real_barrier,0
2025-09-13,real barrier,real_barrier,0
2025-09-14,real barrier,real_barrier,0
2025-09-15,real barrier,real_barrier,0
2025-09-09,real barrier,realbarrier,0
2025-09-10,real barrier,realbarrier,0
2025-09-11,real barrier,realbarrier,0
2025-09-12,real barrier,realbarrier,0
2025-09-13,real barrier,realbarrier,0
2025-09-14,real barrier,realbarrier,0
2025-09-15,real barrier,realbarrier,0
2025-09-09,rom&nd,rom&nd,2
2025-09-10,rom&nd,rom&nd,3
2025-09-11,rom&nd,rom&nd,2
2025-09-12,rom&nd,rom&nd,3
2025-09-13,rom&nd,rom&nd,3
2025-09-14,rom&nd,rom&nd,3
2025-09-15,rom&nd,rom&nd,6
2025-09-09,rom&nd,romnd,0
2025-09-10,rom&nd,romnd,0
2025-09-11,rom&nd,romnd,0
2025-09-12,rom&nd,romnd,0
2025-09-13,rom&nd,romnd,0
2025-09-14,rom&nd,romnd,0
2025-09-15,rom&nd,romnd,0
2025-09-09,botulax,botulax,0
2025-09-10,botulax,botulax,0
2025-09-11,botulax,botulax,0
2025-09-12,botulax,botulax,0
2025-09-13,botulax,botulax,1
2025-09-14,botulax,botulax,0
2025-09-15,botulax,botulax,0
2025-09-09,letybo,letybo,0
2025-09-10,letybo,letybo,0
2025-09-11,letybo,letybo,0
2025-09-12,letybo,letybo,0
2025-09-13,letybo,letybo,0
2025-09-14,letybo,letybo,0
2025-09-15,letybo,letybo,0
2025-09-09,wellage,wellage,0
2025-09-10,wellage,wellage,0
2025-09-11,wellage,wellage,0
2025-09-12,wellage,wellage,0
2025-09-13,wellage,wellage,0
2025-09-14,wellage,wellage,0
2025-09-15,wellage,wellage,0
2025-09-09,shurink,shurink,0
2025-09-10,shurink,shurink,0
2025-09-11,shurink,shurink,0
2025-09-12,shurink,shurink,0
2025-09-13,shurink,shurink,0
2025-09-14,shurink,shurink,0
2025-09-15,shurink,shurink,0
2025-09-09,volnewmer,volnewmer,0
2025-09-10,volnewmer,volnewmer,0
2025-09-11,volnewmer,volnewmer,0
2025-09-12,volnewmer,volnewmer,0
2025-09-13,volnewmer,volnewmer,0
2025-09-14,volnewmer,volnewmer,0
2025-09-15,volnewmer,volnewmer,0
2025-09-09,ultraformer,ultraformer,0
2025-09-10,ultraformer,ultraformer,0
2025-09-11,ultraformer,ultraformer,0
2025-09-12,ultraformer,ultraformer,0
2025-09-13,ultraformer,ultraformer,0
2025-09-14,ultraformer,ultraformer,0
2025-09-15,ultraformer,ultraformer,0
2025-09-09,acropass,acropass,0
2025-09-10,acropass,acropass,0
2025-09-11,acropass,acropass,0
2025-09-12,acropass,acropass,0
2025-09-13,acropass,acropass,0
2025-09-14,acropass,acropass,0
2025-09-15,acropass,acropass,0
2025-09-09,tonymoly,tonymoly,1
2025-09-10,tonymoly,tonymoly,0
2025-09-11,tonymoly,tonymoly,1
2025-09-12,tonymoly,tonymoly,4
2025-09-13,tonymoly,tonymoly,3
2025-09-14,tonymoly,tonymoly,2
2025-09-15,tonymoly,tonymoly,0
2025-09-09,boncept,boncept,0
2025-09-10,boncept,boncept,0
2025-09-11,boncept,boncept,0
2025-09-12,boncept,boncept,0
2025-09-13,boncept,boncept,0
2025-09-14,boncept,boncept,0
2025-09-15,boncept,boncept,0
2025-09-09,rejuran,rejuran,0
2025-09-10,rejuran,rejuran,2
2025-09-11,rejuran,rejuran,3
2025-09-12,rejuran,rejuran,2
2025-09-13,rejuran,rejuran,2
2025-09-14,rejuran,rejuran,1
2025-09-15,rejuran,rejuran,4
2025-09-09,mixoon,mixoon,0
2025-09-10,mixoon,mixoon,0
2025-09-11,mixoon,mixoon,0
2025-09-12,mixoon,mixoon,0
2025-09-13,mixoon,mixoon,0
2025-09-14,mixoon,mixoon,0
2025-09-15,mixoon,mixoon,0
2025-09-09,peripera,peripera,2
2025-09-10,peripera,peripera,2
2025-09-11,peripera,peripera,1
2025-09-12,peripera,peripera,5
2025-09-13,peripera,peripera,1
2025-09-14,peripera,peripera,3
2025-09-15,peripera,peripera,5
2025-09-09,goodal,goodal,0
2025-09-10,goodal,goodal,0
2025-09-11,goodal,goodal,1
2025-09-12,goodal,goodal,0
2025-09-13,goodal,goodal,0
2025-09-14,goodal,goodal,1
2025-09-15,goodal,goodal,3
2025-09-09,jevegel,jevegel,0
2025-09-10,jevegel,jevegel,0
2025-09-11,jevegel,jevegel,0
2025-09-12,jevegel,jevegel,0
2025-09-13,jevegel,jevegel,0
2025-09-14,jevegel,jevegel,0
2025-09-15,jevegel,jevegel,0
2025-09-09,stylekorean,stylekorean,0
2025-09-10,stylekorean,stylekorean,0
2025-09-11,stylekorean,stylekorean,0
2025-09-12,stylekorean,stylekorean,1
2025-09-13,stylekorean,stylekorean,3
2025-09-14,stylekorean,stylekorean,0
2025-09-15,stylekorean,stylekorean,0
2025-09-09,medicube,medicube,8
2025-09-10,medicube,medicube,8
2025-09-11,medicube,medicube,4
2025-09-12,medicube,medicube,5
2025-09-13,medicube,medicube,4
2025-09-14,medicube,medicube,4
2025-09-15,medicube,medicube,3
2025-09-09,age-r,age-r,1
2025-09-10,age-r,age-r,2
2025-09-11,age-r,age-r,3
2025-09-12,age-r,age-r,0
2025-09-13,age-r,age-r,4
2025-09-14,age-r,age-r,0
2025-09-15,age-r,age-r,2
2025-09-09,age-r,age.r,0
2025-09-10,age-r,age.r,0
2025-09-11,age-r,age.r,0
2025-09-12,age-r,age.r,0
2025-09-13,age-r,age.r,0
2025-09-14,age-r,age.r,0
2025-09-15,age-r,age.r,0
2025-09-09,age-r,age_r,0
2025-09-10,age-r,age_r,0
2025-09-11,age-r,age_r,0
2025-09-12,age-r,age_r,0
2025-09-13,age-r,age_r,0
2025-09-14,age-r,age_r,0
2025-09-15,age-r,age_r,0
2025-09-09,age-r,ager,0
2025-09-10,age-r,ager,0
2025-09-11,age-r,ager,0
2025-09-12,age-r,ager,0
2025-09-13,age-r,ager,0
2025-09-14,age-r,ager,0
2025-09-15,age-r,ager,0
2025-09-09,booster pro,booster pro,0
2025-09-10,booster pro,booster pro,1
2025-09-11,booster pro,booster pro,0
2025-09-12,booster pro,booster pro,0
2025-09-13,booster pro,booster pro,3
2025-09-14,booster pro,booster pro,0
2025-09-15,booster pro,booster pro,2
2025-09-09,booster pro,booster-pro,0
2025-09-10,booster pro,booster-pro,0
2025-09-11,booster pro,booster-pro,0
2025-09-12,booster pro,booster-pro,0
2025-09-13,booster pro,booster-pro,0
2025-09-14,booster pro,booster-pro,0
2025-09-15,booster pro,booster-pro,0
2025-09-09,booster pro,booster.pro,0
2025-09-10,booster pro,booster.pro,0
2025-09-11,booster pro,booster.pro,0
2025-09-12,booster pro,booster.pro,0
2025-09-13,booster pro,booster.pro,0
2025-09-14,booster pro,booster.pro,0
2025-09-15,booster pro,booster.pro,0
2025-09-09,booster pro,booster_pro,0
2025-09-10,booster pro,booster_pro,0
2025-09-11,booster pro,booster_pro,0
2025-09-12,booster pro,booster_pro,0
2025-09-13,booster pro,booster_pro,0
2025-09-14,booster pro,booster_pro,0
2025-09-15,booster pro,booster_pro,0
2025-09-09,booster pro,boosterpro,0
2025-09-10,booster pro,boosterpro,0
2025-09-11,booster pro,boosterpro,0
2025-09-12,booster pro,boosterpro,0
2025-09-13,booster pro,boosterpro,0
2025-09-14,booster pro,boosterpro,0
2025-09-15,booster pro,boosterpro,0
2025-09-09,hi focus shot,hi focus shot,0
2025-09-10,hi focus shot,hi focus shot,2
2025-09-11,hi focus shot,hi focus shot,4
2025-09-12,hi focus shot,hi focus shot,0
2025-09-13,hi focus shot,hi focus shot,1
2025-09-14,hi focus shot,hi focus shot,0
2025-09-15,hi focus shot,hi focus shot,2
2025-09-09,hi focus shot,hi-focus-shot,0
2025-09-10,hi focus shot,hi-focus-shot,0
2025-09-11,hi focus shot,hi-focus-shot,0
2025-09-12,hi focus shot,hi-focus-shot,0
2025-09-13,hi focus shot,hi-focus-shot,0
2025-09-14,hi focus shot,hi-focus-shot,0
2025-09-15,hi focus shot,hi-focus-shot,0
2025-09-09,hi focus shot,hi.focus.shot,0
2025-09-10,hi focus shot,hi.focus.shot,0
2025-09-11,hi focus shot,hi.focus.shot,0
2025-09-12,hi focus shot,hi.focus.shot,0
2025-09-13,hi focus shot,hi.focus.shot,0
2025-09-14,hi focus shot,hi.focus.shot,0
2025-09-15,hi focus shot,hi.focus.shot,0
2025-09-09,hi focus shot,hi_focus_shot,0
2025-09-10,hi focus shot,hi_focus_shot,0
2025-09-11,hi focus shot,hi_focus_shot,0
2025-09-12,hi focus shot,hi_focus_shot,0
2025-09-13,hi focus shot,hi_focus_shot,0
2025-09-14,hi focus shot,hi_focus_shot,0
2025-09-15,hi focus shot,hi_focus_shot,0
2025-09-09,hi focus shot,hifocusshot,0
2025-09-10,hi focus shot,hifocusshot,0
2025-09-11,hi focus shot,hifocusshot,0
2025-09-12,hi focus shot,hifocusshot,0
2025-09-13,hi focus shot,hifocusshot,0
2025-09-14,hi focus shot,hifocusshot,0
2025-09-15,hi focus shot,hifocusshot,0
2025-09-09,sylfirm,sylfirm,0
2025-09-10,sylfirm,sylfirm,0
2025-09-11,sylfirm,sylfirm,0
2025-09-12,sylfirm,sylfirm,0
2025-09-13,sylfirm,sylfirm,0
2025-09-14,sylfirm,sylfirm,0
2025-09-15,sylfirm,sylfirm,0
2025-09-09,oligio,oligio,0
2025-09-10,oligio,oligio,0
2025-09-11,oligio,oligio,0
2025-09-12,oligio,oligio,0
2025-09-13,oligio,oligio,0
2025-09-14,oligio,oligio,0
2025-09-15,oligio,oligio,0
2025-09-09,mighty patch,mighty patch,0
2025-09-10,mighty patch,mighty patch,0
2025-09-11,mighty patch,mighty patch,0
2025-09-12,mighty patch,mighty patch,0
2025-09-13,mighty patch,mighty patch,0
2025-09-14,mighty patch,mighty patch,0
2025-09-15,mighty patch,mighty patch,1
2025-09-09,mighty patch,mighty-patch,0
2025-09-10,mighty patch,mighty-patch,0
2025-09-11,mighty patch,mighty-patch,0
2025-09-12,mighty patch,mighty-patch,0
2025-09-13,mighty patch,mighty-patch,0
2025-09-14,mighty patch,mighty-patch,0
2025-09-15,mighty patch,mighty-patch,0
2025-09-09,mighty patch,mighty.patch,0
2025-09-10,mighty patch,mighty.patch,0
2025-09-11,mighty patch,mighty.patch,0
2025-09-12,mighty patch,mighty.patch,0
2025-09-13,mighty patch,mighty.patch,0
2025-09-14,mighty patch,mighty.patch,0
2025-09-15,mighty patch,mighty.patch,0
2025-09-09,mighty patch,mighty_patch,0
2025-09-10,mighty patch,mighty_patch,0
2025-09-11,mighty patch,mighty_patch,0
2025-09-12,mighty patch,mighty_patch,0
2025-09-13,mighty patch,mighty_patch,0
2025-09-14,mighty patch,mighty_patch,0
2025-09-15,mighty patch,mighty_patch,0
2025-09-09,mighty patch,mightypatch,0
2025-09-10,mighty patch,mightypatch,0
2025-09-11,mighty patch,mightypatch,0
2025-09-12,mighty patch,mightypatch,0
2025-09-13,mighty patch,mightypatch,0
2025-09-14,mighty patch,mightypatch,0
2025-09-15,mighty patch,mightypatch,0
2025-09-09,manyo,manyo,0
2025-09-10,manyo,manyo,4
2025-09-11,manyo,manyo,0
2025-09-12,manyo,manyo,0
2025-09-13,manyo,manyo,1
2025-09-14,manyo,manyo,0
2025-09-15,manyo,manyo,0
2025-09-09,coolfase,coolfase,0
2025-09-10,coolfase,coolfase,0
2025-09-11,coolfase,coolfase,0
2025-09-12,coolfase,coolfase,0
2025-09-13,coolfase,coolfase,0
2025-09-14,coolfase,coolfase,0
2025-09-15,coolfase,coolfase,0
2025-09-09,bbia,bbia,3
2025-09-10,bbia,bbia,0
2025-09-11,bbia,bbia,2
2025-09-12,bbia,bbia,0
2025-09-13,bbia,bbia,2
2025-09-14,bbia,bbia,0
2025-09-15,bbia,bbia,0
2025-09-09,juvelook,juvelook,1
2025-09-10,juvelook,juvelook,1
2025-09-11,juvelook,juvelook,1
2025-09-12,juvelook,juvelook,0
2025-09-13,juvelook,juvelook,2
2025-09-14,juvelook,juvelook,2
2025-09-15,juvelook,juvelook,0
2025-09-09,potenza,potenza,0
2025-09-10,potenza,potenza,0
2025-09-11,potenza,potenza,0
2025-09-12,potenza,potenza,1
2025-09-13,potenza,potenza,0
2025-09-14,potenza,potenza,2
2025-09-15,potenza,potenza,1
2025-09-09,stylevana,stylevana,2
2025-09-10,stylevana,stylevana,1
2025-09-11,stylevana,stylevana,3
2025-09-12,stylevana,stylevana,1
2025-09-13,stylevana,stylevana,1
2025-09-14,stylevana,stylevana,0
2025-09-15,stylevana,stylevana,0
2025-09-09,beauty of joseon,beauty of joseon,14
2025-09-10,beauty of joseon,beauty of joseon,6
2025-09-11,beauty of joseon,beauty of joseon,8
2025-09-12,beauty of joseon,beauty of joseon,13
2025-09-13,beauty of joseon,beauty of joseon,10
2025-09-14,beauty of joseon,beauty of joseon,9
2025-09-15,beauty of joseon,beauty of joseon,10
2025-09-09,beauty of joseon,beauty-of-joseon,0
2025-09-10,beauty of joseon,beauty-of-joseon,0
2025-09-11,beauty of joseon,beauty-of-joseon,0
2025-09-12,beauty of joseon,beauty-of-joseon,0
2025-09-13,beauty of joseon,beauty-of-joseon,0
2025-09-14,beauty of joseon,beauty-of-joseon,0
2025-09-15,beauty of joseon,beauty-of-joseon,0
2025-09-09,beauty of joseon,beauty.of.joseon,0
2025-09-10,beauty of joseon,beauty.of.joseon,0
2025-09-11,beauty of joseon,beauty.of.joseon,0
2025-09-12,beauty of joseon,beauty.of.joseon,0
2025-09-13,beauty of joseon,beauty.of.joseon,0
2025-09-14,beauty of joseon,beauty.of.joseon,0
2025-09-15,beauty of joseon,beauty.of.joseon,0
2025-09-09,beauty of joseon,beauty_of_joseon,0
2025-09-10,beauty of joseon,beauty_of_joseon,0
2025-09-11,beauty of joseon,beauty_of_joseon,0
2025-09-12,beauty of joseon,beauty_of_joseon,0
2025-09-13,beauty of joseon,beauty_of_joseon,0
2025-09-14,beauty of joseon,beauty_of_joseon,0
2025-09-15,beauty of joseon,beauty_of_joseon,0
2025-09-09,beauty of joseon,beautyofjoseon,0
2025-09-10,beauty of joseon,beautyofjoseon,0
2025-09-11,beauty of joseon,beautyofjoseon,0
2025-09-12,beauty of joseon,beautyofjoseon,0
2025-09-13,beauty of joseon,beautyofjoseon,0
2025-09-14,beauty of joseon,beautyofjoseon,0
2025-09-15,beauty of joseon,beautyofjoseon,0
2025-09-09,dalba,dalba,1
2025-09-10,dalba,dalba,1
2025-09-11,dalba,dalba,0
2025-09-12,dalba,dalba,3
2025-09-13,dalba,dalba,0
2025-09-14,dalba,dalba,1
2025-09-15,dalba,dalba,0
2025-09-09,anua,anua,12
2025-09-10,anua,anua,6
2025-09-11,anua,anua,11
2025-09-12,anua,anua,7
2025-09-13,anua,anua,7
2025-09-14,anua,anua,11
2025-09-15,anua,anua,5
2025-09-09,hwahae,hwahae,0
2025-09-10,hwahae,hwahae,0
2025-09-11,hwahae,hwahae,0
2025-09-12,hwahae,hwahae,0
2025-09-13,hwahae,hwahae,0
2025-09-14,hwahae,hwahae,0
2025-09-15,hwahae,hwahae,0
2025-09-09,biodance,biodance,1
2025-09-10,biodance,biodance,1
2025-09-11,biodance,biodance,0
2025-09-12,biodance,biodance,1
2025-09-13,biodance,biodance,0
2025-09-14,biodance,biodance,1
2025-09-15,biodance,biodance,0
2025-09-09,numbuzin,numbuzin,2
2025-09-10,numbuzin,numbuzin,1
2025-09-11,numbuzin,numbuzin,3
2025-09-12,numbuzin,numbuzin,6
2025-09-13,numbuzin,numbuzin,3
2025-09-14,numbuzin,numbuzin,2
2025-09-15,numbuzin,numbuzin,6
2025-09-09,be the skin,be the skin,70
2025-09-10,be the skin,be the skin,71
2025-09-11,be the skin,be the skin,53
2025-09-12,be the skin,be the skin,53
2025-09-13,be the skin,be the skin,57
2025-09-14,be the skin,be the skin,66
2025-09-15,be the skin,be the skin,82
2025-09-09,be the skin,be-the-skin,0
2025-09-10,be the skin,be-the-skin,0
2025-09-11,be the skin,be-the-skin,0
2025-09-12,be the skin,be-the-skin,0
2025-09-13,be the skin,be-the-skin,0
2025-09-14,be the skin,be-the-skin,0
2025-09-15,be the skin,be-the-skin,0
2025-09-09,be the skin,be.the.skin,0
2025-09-10,be the skin,be.the.skin,0
2025-09-11,be the skin,be.the.skin,0
2025-09-12,be the skin,be.the.skin,0
2025-09-13,be the skin,be.the.skin,0
2025-09-14,be the skin,be.the.skin,0
2025-09-15,be the skin,be.the.skin,0
2025-09-09,be the skin,be_the_skin,0
2025-09-10,be the skin,be_the_skin,0
2025-09-11,be the skin,be_the_skin,0
2025-09-12,be the skin,be_the_skin,0
2025-09-13,be the skin,be_the_skin,0
2025-09-14,be the skin,be_the_skin,0
2025-09-15,be the skin,be_the_skin,0
2025-09-09,be the skin,betheskin,0
2025-09-10,be the skin,betheskin,0
2025-09-11,be the skin,betheskin,0
2025-09-12,be the skin,betheskin,0
2025-09-13,be the skin,betheskin,0
2025-09-14,be the skin,betheskin,0
2025-09-15,be the skin,betheskin,0
2025-09-09,round lab,round lab,4
2025-09-10,round lab,round lab,1
2025-09-11,round lab,round lab,3
2025-09-12,round lab,round lab,7
2025-09-13,round lab,round lab,9
2025-09-14,round lab,round lab,3
2025-09-15,round lab,round lab,8
2025-09-09,round lab,round-lab,0
2025-09-10,round lab,round-lab,0
2025-09-11,round lab,round-lab,0
2025-09-12,round lab,round-lab,0
2025-09-13,round lab,round-lab,0
2025-09-14,round lab,round-lab,0
2025-09-15,round lab,round-lab,0
2025-09-09,round lab,round.lab,0
2025-09-10,round lab,round.lab,0
2025-09-11,round lab,round.lab,0
2025-09-12,round lab,round.lab,0
2025-09-13,round lab,round.lab,0
2025-09-14,round lab,round.lab,0
2025-09-15,round lab,round.lab,0
2025-09-09,round lab,round_lab,0
2025-09-10,round lab,round_lab,0
2025-09-11,round lab,round_lab,0
2025-09-12,round lab,round_lab,0
2025-09-13,round lab,round_lab,0
2025-09-14,round lab,round_lab,0
2025-09-15,round lab,round_lab,0
2025-09-09,round lab,roundlab,0
2025-09-10,round lab,roundlab,0
2025-09-11,round lab,roundlab,0
2025-09-12,round lab,roundlab,0
2025-09-13,round lab,roundlab,1
2025-09-14,round lab,roundlab,0
2025-09-15,round lab,roundlab,1
2025-09-09,skin1004,skin1004,12
2025-09-10,skin1004,skin1004,5
2025-09-11,skin1004,skin1004,6
2025-09-12,skin1004,skin1004,5
2025-09-13,skin1004,skin1004,3
2025-09-14,skin1004,skin1004,8
2025-09-15,skin1004,skin1004,6
2025-09-09,torriden,torriden,1
2025-09-10,torriden,torriden,0
2025-09-11,torriden,torriden,2
2025-09-12,torriden,torriden,0
2025-09-13,torriden,torriden,3
2025-09-14,torriden,torriden,3
2025-09-15,torriden,torriden,1
2025-09-09,tirtir,tirtir,6
2025-09-10,tirtir,tirtir,1
2025-09-11,tirtir,tirtir,6
2025-09-12,tirtir,tirtir,0
2025-09-13,tirtir,tirtir,5
2025-09-14,tirtir,tirtir,3
2025-09-15,tirtir,tirtir,5
