date,a'pieu,acropass,age-r,anua,atopalm,bbia,be the skin,beauty of joseon,belif,biodance,boncept,booster pro,botulax,cell fusion c,centellian,coolfase,cosrx,dalba,goodal,hi focus shot,history of whoo,hwahae,innisfree,innotox,iope,jeuveau,jevegel,jolse,juvelook,laneige,letybo,madeca,mamonde,manyo,medicube,merzy,mighty patch,missha,mixoon,nabota,newlux,numbuzin,ohui,oligio,olive young,peripera,potenza,real barrier,reedle shot,rejuran,rentox,rom&nd,round lab,shurink,skin1004,stylekorean,stylevana,sulwhasoo,sylfirm,the whoo,tirtir,tonymoly,torriden,ultraformer,volnewmer,wellage,yesstyle
2025-03-05,0,0,0,0,0,0,2,2,0,0,0,0,0,0,0,0,1,1,0,0,0,0,1,0,0,0,0,0,0,3,0,0,0,0,0,0,0,1,0,0,0,0,0,0,4,0,0,0,0,3,0,0,3,0,2,1,1,1,0,0,2,0,2,0,0,0,2
2025-03-06,1,0,0,0,0,0,3,1,0,0,0,0,0,0,0,0,1,0,1,1,1,0,1,2,0,0,0,0,1,0,0,0,0,0,1,0,0,0,0,0,0,1,0,0,3,0,0,0,1,1,0,2,4,0,1,0,0,0,0,1,0,0,0,0,0,0,0
2025-03-07,0,0,0,0,0,0,0,4,0,0,0,0,0,0,0,0,0,0,0,0,0,1,0,0,0,0,0,0,0,0,0,0,0,0,0,0,0,1,0,0,0,0,0,0,1,1,0,0,1,0,0,3,2,0,1,0,1,0,0,0,1,0,3,0,0,0,4
2025-03-08,0,0,0,2,0,0,0,2,0,1,0,0,0,0,0,0,2,0,0,2,0,0,2,0,0,0,0,0,0,0,0,0,0,0,3,0,0,0,0,1,0,0,0,0,1,0,0,0,0,0,0,0,2,0,1,0,1,0,0,0,2,0,2,0,0,0,3
2025-03-09,0,0,2,0,0,0,1,1,0,0,0,1,0,0,0,0,2,0,0,2,0,0,1,2,0,0,0,0,0,1,0,0,0,1,4,0,0,0,0,0,0,3,0,0,0,0,0,0,0,0,0,1,1,0,2,0,1,0,0,0,2,0,1,0,0,0,1
2025-03-10,0,0,0,1,0,0,2,3,0,0,0,0,0,0,0,0,0,0,0,1,0,0,1,0,0,0,0,0,1,2,0,0,0,0,1,0,0,1,0,0,0,4,0,1,2,0,0,0,0,2,0,1,2,1,2,0,0,0,0,0,2,0,0,0,0,0,1
2025-03-11,1,0,0,1,0,0,1,1,0,0,0,0,0,0,0,0,2,0,0,2,0,0,1,0,0,0,0,0,0,1,0,0,0,0,2,0,0,2,0,0,0,2,0,0,0,0,1,1,0,0,0,1,1,0,0,1,0,1,0,0,2,0,0,0,0,0,3
2025-03-12,0,0,1,2,0,0,1,1,0,0,0,0,0,1,0,0,4,0,2,0,0,0,2,0,0,0,0,0,0,1,0,0,0,0,2,0,0,0,0,0,0,1,0,0,1,3,1,0,0,0,0,1,6,0,1,0,2,0,0,0,0,0,2,0,0,0,3
2025-03-13,0,0,0,0,0,0,1,3,0,0,0,0,0,0,0,0,2,0,0,1,0,0,4,2,0,0,0,0,0,4,0,0,0,0,1,0,0,0,0,1,0,0,0,0,1,2,0,0,1,0,0,1,1,0,2,0,0,0,0,0,0,0,1,0,0,0,1
2025-03-14,1,0,0,0,0,0,1,3,0,1,0,1,0,1,0,0,3,0,1,0,0,0,1,0,0,0,0,0,0,3,0,0,0,0,2,0,1,3,1,0,0,1,0,0,2,2,0,1,4,0,0,0,2,0,2,0,1,2,0,0,1,0,1,0,0,0,3
2025-03-15,1,0,0,0,0,0,0,0,0,0,0,0,0,0,0,0,3,0,1,1,0,0,2,1,0,0,0,1,0,0,0,0,0,0,0,0,0,0,0,1,0,3,0,0,1,2,0,0,1,1,0,0,1,0,1,0,3,0,0,0,1,0,1,0,0,0,6
2025-03-16,0,0,0,1,0,0,1,3,0,2,0,0,1,1,0,0,2,0,0,0,0,0,1,0,0,0,0,0,0,4,0,0,0,0,4,0,0,0,0,0,0,5,0,0,0,2,0,0,1,1,0,1,6,0,3,0,2,0,0,0,0,0,4,0,0,0,2
2025-03-17,0,0,1,0,0,0,1,1,1,1,0,0,0,3,0,0,2,0,0,1,0,0,1,1,0,0,0,0,0,0,0,0,0,0,1,0,0,0,0,0,0,1,0,0,6,0,0,2,1,5,0,2,6,0,0,0,1,0,0,0,1,0,1,0,0,1,1
2025-03-18,0,0,0,2,0,0,1,1,1,0,0,0,0,0,0,0,5,0,0,0,0,0,0,0,0,0,0,0,0,0,0,0,0,0,6,0,0,0,0,0,0,3,0,1,2,2,0,0,0,0,0,1,4,1,3,1,3,0,0,0,2,0,2,0,0,1,2
2025-03-19,0,0,0,0,0,0,3,3,0,0,0,1,0,0,0,0,2,0,0,0,0,0,1,2,0,0,0,0,0,0,0,0,0,0,1,0,0,0,0,0,0,1,0,0,0,0,0,0,0,0,1,2,4,0,1,0,1,0,0,0,2,0,2,0,0,0,5
2025-03-20,1,0,0,1,0,0,0,2,0,0,0,1,0,1,1,0,0,0,0,2,0,0,2,0,0,0,0,0,1,2,0,0,0,0,3,0,0,1,0,0,0,0,0,0,2,0,0,0,0,1,0,0,3,0,1,0,1,1,0,0,0,1,1,0,0,0,2
2025-03-21,0,0,3,2,0,0,0,1,1,0,0,1,0,1,0,0,1,0,0,1,0,0,1,1,1,1,0,1,0,1,0,0,0,0,1,0,0,0,0,0,0,2,0,0,2,1,0,1,0,1,0,1,0,0,0,0,0,0,0,0,1,0,0,0,0,0,2
2025-03-22,0,0,0,0,0,0,0,2,0,0,0,0,0,1,0,0,2,0,1,3,0,0,1,0,0,0,0,0,0,3,0,0,0,0,0,0,0,1,0,0,0,3,0,0,3,1,0,1,2,0,0,1,4,0,1,0,1,1,0,0,2,0,4,0,0,0,1
2025-03-23,2,0,1,1,0,0,0,3,0,0,0,0,0,0,0,0,1,0,0,1,0,0,0,1,0,0,0,0,1,2,0,0,0,0,3,0,0,0,0,0,0,1,0,0,1,2,0,0,1,1,0,2,0,0,2,0,1,0,0,0,0,0,0,0,0,0,4
2025-03-24,1,0,0,1,0,0,1,2,0,0,0,1,0,1,0,0,0,2,1,1,0,0,0,1,0,0,0,0,0,0,0,0,0,1,2,0,0,2,0,0,0,3,0,0,2,1,0,1,0,2,0,0,5,0,1,0,3,0,0,0,0,2,1,0,0,0,4
2025-03-25,1,0,0,2,0,0,0,1,0,2,0,0,1,0,0,0,2,0,0,1,0,0,0,0,0,0,0,0,0,2,0,0,0,0,2,0,0,0,0,0,0,3,0,0,1,1,0,1,0,0,0,0,3,0,1,0,0,1,0,0,2,0,3,0,0,0,5
2025-03-26,2,0,1,2,0,0,0,2,0,1,0,0,0,0,0,0,3,0,3,1,0,0,1,1,3,0,0,0,0,0,0,0,0,0,2,0,0,0,0,0,0,1,0,0,2,1,0,0,1,1,0,1,4,0,0,0,0,0,0,0,2,0,4,0,0,0,3
2025-03-27,0,0,0,1,0,0,0,0,0,1,0,1,1,0,0,0,2,1,0,1,0,0,0,1,0,0,0,0,0,0,0,0,0,1,3,0,0,3,0,1,0,1,0,0,4,0,0,0,0,1,1,0,3,0,1,0,0,0,0,0,1,0,2,0,0,0,3
2025-03-28,0,0,0,0,0,0,3,3,0,0,0,0,0,0,0,0,3,0,0,0,0,0,3,1,0,0,0,0,0,2,0,0,0,2,0,0,1,1,0,1,0,3,0,0,6,0,0,0,1,3,0,1,5,0,4,0,1,0,0,0,0,0,1,0,0,0,1
2025-03-29,0,0,0,0,0,0,1,2,0,0,0,0,0,0,0,0,2,0,0,1,0,0,2,1,0,0,0,0,0,1,0,0,0,0,2,0,0,1,0,1,0,1,0,0,1,2,0,0,0,2,0,1,0,0,1,0,0,0,0,0,2,0,1,0,0,0,2
2025-03-30,1,0,1,1,0,0,0,2,0,0,0,0,0,1,0,0,3,0,0,1,0,0,1,0,0,0,0,0,0,2,0,0,0,0,3,0,2,1,0,1,0,0,0,0,0,1,0,0,1,1,0,0,3,0,0,0,1,0,0,0,0,0,1,0,0,0,0
2025-03-31,3,0,2,0,0,0,1,1,0,1,0,1,0,0,0,0,3,0,0,1,0,0,4,0,0,1,0,0,0,0,0,0,0,1,3,0,1,2,0,0,0,1,0,0,1,1,0,0,0,2,1,2,1,0,1,0,0,0,0,0,1,0,0,0,0,0,1
2025-04-01,0,0,1,1,0,0,1,0,0,0,0,1,0,0,0,0,1,0,0,1,0,0,1,1,0,0,0,0,0,1,0,0,0,0,4,0,0,0,0,0,0,0,0,0,1,0,0,1,1,0,0,0,2,0,0,0,1,2,0,0,0,0,2,0,0,0,4
2025-04-02,0,0,1,0,0,0,1,1,0,1,0,1,0,0,0,0,1,0,2,3,0,0,2,1,0,0,0,1,0,0,0,0,0,1,4,0,0,0,0,0,0,2,0,0,3,0,0,0,3,2,0,0,5,0,0,0,2,0,0,0,2,0,0,0,0,0,1
2025-04-03,0,0,4,2,0,0,0,1,0,0,0,2,0,1,0,0,1,0,0,2,0,0,2,5,0,0,0,0,0,2,0,0,0,1,4,0,0,2,0,0,0,3,0,0,0,0,0,0,1,0,0,0,2,0,1,1,3,0,1,0,1,1,2,0,0,0,3
2025-04-04,1,0,0,2,0,1,1,3,0,0,0,0,0,0,0,0,7,0,0,2,0,0,1,0,0,0,0,0,0,1,0,0,0,0,3,0,0,1,0,0,0,1,0,0,0,1,0,0,1,0,0,2,3,0,0,1,2,1,0,0,0,0,2,0,0,0,4
2025-04-05,1,0,0,3,0,0,1,1,0,0,0,0,0,0,0,0,3,0,0,0,0,0,2,2,0,0,0,0,0,0,0,0,0,0,2,0,0,0,0,0,0,2,0,0,0,1,0,0,0,1,0,0,3,1,2,0,1,2,0,0,1,1,0,0,0,0,3
2025-04-06,1,0,0,1,0,0,0,4,2,1,0,0,0,0,0,0,2,0,1,3,0,0,4,2,0,1,0,0,0,2,0,0,0,0,0,0,0,0,0,2,0,2,0,0,3,3,0,0,0,1,1,1,4,0,0,0,3,0,0,0,1,0,3,0,0,0,3
2025-04-07,1,0,2,2,0,0,1,0,0,0,0,1,0,1,0,0,1,0,0,0,0,0,0,1,0,0,0,0,0,0,0,0,0,0,4,0,0,0,0,0,0,3,0,0,5,1,1,0,0,2,0,0,4,0,1,0,0,0,0,0,1,0,1,0,0,0,4
2025-04-08,0,0,0,0,0,0,0,3,0,1,0,0,0,0,0,0,2,1,0,3,0,0,1,0,0,0,0,0,0,0,0,0,0,0,0,0,0,1,0,1,0,1,0,0,2,0,0,0,0,0,0,0,1,0,3,0,2,0,0,0,1,0,1,0,0,0,7
2025-04-09,0,0,1,1,0,0,1,0,0,0,0,0,0,0,0,0,1,0,0,0,0,0,0,1,0,0,0,0,1,1,0,0,0,0,1,0,0,1,0,0,0,0,0,0,1,1,0,1,0,1,0,0,1,0,3,0,1,0,1,0,0,0,0,0,0,0,3
2025-04-10,2,0,1,0,0,0,2,1,0,0,0,0,0,0,0,0,2,0,0,0,0,0,2,1,0,0,0,0,0,0,1,0,0,0,2,0,0,0,0,0,0,1,0,0,2,2,0,1,0,2,0,0,3,0,2,1,0,0,0,0,0,1,1,0,0,0,4
2025-04-11,0,0,0,0,0,0,0,2,0,0,0,1,0,0,0,0,1,0,0,0,0,0,1,1,0,0,0,0,0,1,0,0,0,0,0,0,0,2,0,0,0,2,0,0,0,0,0,0,0,0,0,1,1,0,0,0,2,0,0,0,0,0,2,0,0,0,6
2025-04-12,1,0,0,0,0,0,0,0,1,0,0,0,0,0,0,0,4,0,0,1,0,0,1,0,0,0,0,0,0,0,0,0,0,0,1,0,0,0,0,0,0,1,0,0,5,0,0,0,2,2,0,1,6,0,0,1,0,0,0,0,1,0,2,0,0,0,3
2025-04-13,0,0,0,1,0,0,2,4,0,1,0,0,0,0,0,0,2,0,1,2,0,0,0,1,0,1,0,0,0,1,0,0,0,0,1,0,0,1,0,2,0,2,0,0,1,2,0,0,1,0,1,1,4,0,2,0,2,1,0,0,1,0,1,0,0,0,2
2025-04-14,0,0,1,1,0,0,0,4,1,0,0,0,0,0,0,0,2,0,0,1,0,0,0,2,0,0,0,0,2,1,0,0,0,0,2,0,0,0,0,0,0,0,0,0,0,0,0,0,1,3,0,0,4,0,2,0,1,0,0,0,1,1,2,0,0,0,3
2025-04-15,0,0,0,1,0,0,0,3,0,1,0,0,0,1,0,0,4,0,0,1,0,0,2,0,0,0,0,0,0,2,0,0,0,0,0,0,0,1,0,0,0,3,0,0,2,0,0,1,0,0,0,1,2,0,4,0,4,1,0,0,1,0,1,0,0,0,5
2025-04-16,0,0,1,1,0,0,1,2,1,0,0,0,0,0,0,0,0,0,0,2,0,0,1,0,0,0,0,0,0,2,0,0,0,0,1,0,0,0,0,0,0,1,0,0,3,0,0,0,0,4,0,1,3,0,2,0,1,0,0,0,0,0,1,0,0,0,5
2025-04-17,0,0,1,0,1,0,1,3,0,0,0,1,0,0,0,0,1,0,1,3,0,0,1,1,0,0,0,0,0,1,0,0,0,0,3,0,0,0,0,0,0,1,0,0,0,0,0,0,1,1,0,1,2,0,2,0,1,1,0,1,0,0,0,0,0,0,5
2025-04-18,0,0,0,2,1,0,0,2,0,1,0,0,0,0,1,0,3,0,0,1,0,0,1,1,0,0,0,0,0,0,0,1,0,0,0,0,0,2,0,0,0,1,0,0,3,2,1,0,0,0,0,3,2,0,7,1,3,0,0,0,1,0,1,0,0,0,2
2025-04-19,0,0,1,3,0,0,3,4,0,0,0,1,0,0,0,0,4,0,0,1,0,0,0,2,0,0,0,0,3,3,0,0,0,1,1,0,0,1,0,1,0,4,0,0,3,1,0,0,0,0,0,1,2,0,2,1,1,0,1,0,1,0,0,0,0,0,1
2025-04-20,0,0,1,0,0,0,1,2,1,0,0,1,1,0,0,0,1,0,1,2,0,1,2,2,0,1,0,0,0,1,0,0,0,0,3,0,0,0,0,0,0,0,0,0,1,0,0,0,0,1,0,1,1,0,0,0,1,0,0,0,0,0,3,0,0,0,2
2025-04-21,0,0,0,1,0,0,3,3,0,0,0,0,1,0,1,0,0,0,0,2,0,0,0,0,0,0,0,2,1,0,0,1,0,0,2,0,0,1,0,1,0,1,0,0,3,0,0,0,0,0,0,0,3,0,4,1,0,0,0,0,0,0,1,0,0,0,4
2025-04-22,0,0,0,3,0,0,7,4,0,0,0,0,0,0,0,0,4,0,0,3,0,0,2,0,0,0,0,0,0,2,0,0,0,0,4,0,0,0,0,0,0,1,0,0,4,0,0,0,1,1,0,0,3,0,3,2,1,0,0,0,1,0,2,0,0,0,2
2025-04-23,1,0,0,2,0,0,3,4,0,0,0,0,1,1,0,0,3,0,0,1,0,0,1,0,0,0,0,0,1,2,0,0,0,1,0,0,0,0,0,0,0,1,0,0,6,0,0,0,0,0,0,0,2,0,2,0,1,1,0,0,0,0,0,0,0,0,2
2025-04-24,0,0,1,0,0,0,3,2,0,0,0,1,0,0,0,0,2,0,0,0,0,0,1,4,0,0,0,0,0,2,0,0,0,2,3,0,0,0,0,0,0,2,0,0,1,0,0,0,1,0,0,0,2,0,4,1,1,0,0,0,2,0,4,0,0,0,5
2025-04-25,0,0,0,3,0,0,6,9,2,0,0,0,0,1,0,0,3,0,0,0,0,0,3,1,0,0,0,0,1,1,0,0,0,1,0,0,0,1,0,1,0,1,0,0,2,0,0,1,2,1,0,1,4,0,4,0,1,1,0,0,1,0,6,0,0,0,7
2025-04-26,1,0,0,0,0,0,3,2,0,0,0,0,0,0,0,0,2,0,0,0,0,0,2,3,0,0,0,0,0,0,0,0,0,0,3,0,0,1,0,0,0,1,0,0,1,2,0,0,0,0,0,1,5,0,3,0,3,0,0,0,1,1,0,0,0,0,4
2025-04-27,0,0,0,2,0,0,5,1,2,0,0,1,0,0,0,0,2,0,0,0,0,0,1,0,0,0,0,0,0,1,0,0,0,0,2,0,0,1,0,0,0,0,0,0,3,0,0,1,0,0,0,1,3,0,1,0,4,0,0,0,2,0,0,0,0,0,1
2025-04-28,0,0,0,0,0,0,1,3,0,0,0,0,0,0,0,0,7,0,0,0,0,1,2,2,1,0,0,0,0,2,0,0,0,0,2,0,0,2,0,0,0,0,0,0,4,0,0,0,1,0,0,1,5,0,3,1,2,0,0,0,1,0,3,0,0,0,8
2025-04-29,0,0,1,3,0,1,5,3,0,0,0,0,0,0,0,0,5,0,0,0,0,0,1,2,0,0,0,1,0,3,0,0,0,0,1,0,0,0,0,0,0,2,0,0,1,1,0,0,1,1,0,1,4,0,11,0,2,1,0,0,0,0,0,0,0,0,6
2025-04-30,0,0,1,0,0,0,5,2,0,0,0,2,0,0,0,0,0,0,0,0,0,0,0,0,0,0,0,0,0,1,0,0,0,0,3,0,0,0,0,0,0,1,0,0,2,0,0,0,0,0,0,1,1,0,3,1,5,1,0,0,2,0,0,0,0,0,2
2025-05-01,0,0,0,0,0,0,1,4,0,0,0,0,0,0,0,0,1,0,1,0,0,0,0,0,1,0,0,0,0,0,0,0,0,0,1,0,0,0,0,0,0,2,0,0,2,1,0,0,1,2,0,0,0,0,3,0,0,0,0,0,1,0,0,0,0,0,4
2025-05-02,0,0,0,0,0,0,2,2,0,0,0,1,0,1,0,0,3,0,3,0,0,0,3,1,0,0,0,0,1,0,0,0,0,0,3,0,0,0,0,0,0,0,0,0,0,1,0,0,0,0,0,1,4,0,4,1,0,0,0,0,0,0,0,0,0,0,5
2025-05-03,2,0,0,0,0,0,7,1,0,0,0,1,0,1,0,0,6,0,0,1,0,0,0,1,0,0,0,0,0,3,0,0,0,0,2,0,0,0,0,0,0,1,0,0,1,0,0,0,0,0,0,1,3,0,8,1,2,0,0,0,0,0,0,0,0,0,1
2025-05-04,0,0,0,4,0,0,3,4,0,0,0,0,0,0,0,0,7,0,1,2,0,0,1,0,0,0,0,0,0,0,0,0,0,0,1,0,0,0,0,0,0,1,0,0,1,1,0,0,1,1,0,0,2,0,10,1,1,0,0,0,4,0,0,0,0,0,2
2025-05-05,0,0,1,1,0,0,1,2,1,0,0,0,0,0,0,0,2,0,0,3,0,0,4,0,0,0,0,0,0,2,0,0,0,0,4,0,0,0,0,0,0,2,0,0,1,0,0,0,2,0,0,1,4,0,6,2,0,0,0,0,2,0,0,0,0,0,1
2025-05-06,1,0,0,3,0,0,2,3,0,0,0,0,0,1,0,0,3,0,3,0,0,0,0,2,0,0,0,0,0,0,0,0,0,0,1,0,0,1,0,1,0,1,0,0,2,0,0,0,0,1,0,0,3,0,3,0,3,0,0,0,1,0,0,0,0,1,1
2025-05-07,0,0,0,1,0,0,2,4,0,1,0,0,0,0,0,0,3,0,1,0,0,0,1,0,0,0,0,0,0,3,0,0,0,1,1,0,0,0,0,1,0,2,0,0,1,1,0,0,0,1,1,2,2,0,5,1,1,1,0,0,1,2,2,0,0,0,8
2025-05-08,1,0,0,0,0,0,5,1,0,0,0,0,0,0,0,0,2,1,0,1,0,0,2,4,0,0,0,0,0,0,0,0,0,0,4,0,0,0,0,0,0,1,0,0,2,2,0,1,1,1,0,3,3,0,4,0,1,0,0,0,1,1,2,0,0,0,2
2025-05-09,1,0,0,0,0,0,5,5,0,2,0,0,0,0,0,0,8,0,0,0,0,0,4,2,1,1,0,0,0,2,0,0,0,1,3,0,0,0,0,1,0,0,0,0,1,1,0,0,0,3,0,3,2,0,2,0,0,0,1,0,1,0,1,0,0,0,1
2025-05-10,1,0,0,2,0,0,2,7,0,0,0,0,0,2,0,0,6,0,0,0,0,0,1,2,0,0,0,0,0,1,0,0,0,0,1,0,0,0,0,1,0,0,0,0,0,0,0,0,0,0,0,0,1,0,6,0,1,0,0,0,4,0,1,0,0,0,2
2025-05-11,0,0,1,1,0,0,4,9,0,0,0,1,0,0,0,0,6,0,1,2,0,0,3,0,0,0,0,0,0,1,0,0,0,1,2,0,0,0,0,0,0,1,0,0,1,0,0,1,1,3,0,2,2,0,4,0,1,0,0,0,1,0,0,0,0,0,3
2025-05-12,0,0,0,0,0,0,6,7,0,0,0,1,0,0,0,0,2,0,1,1,0,0,4,1,0,0,0,0,0,1,0,0,0,1,2,0,0,1,0,0,0,2,0,0,0,1,1,0,1,2,0,0,3,0,7,0,2,0,1,0,2,0,2,0,0,0,5
2025-05-13,1,0,0,1,0,0,5,11,0,0,0,0,0,0,0,0,4,0,0,1,0,0,2,3,0,0,0,0,0,3,0,0,0,0,2,0,0,1,0,0,0,0,0,0,0,0,0,0,1,1,0,1,2,0,3,1,0,1,0,0,4,0,2,0,0,0,2
2025-05-14,1,0,0,1,0,0,3,7,0,0,0,0,0,0,0,0,4,1,0,2,0,0,0,2,0,0,0,0,0,1,0,0,0,0,4,0,0,2,1,1,0,2,0,0,2,3,1,0,0,1,0,0,5,0,10,0,1,0,0,0,2,0,2,0,0,0,3
2025-05-15,0,0,1,2,0,0,1,1,0,0,0,1,0,0,0,0,3,0,0,1,0,0,3,2,0,0,0,0,0,0,0,0,0,0,4,0,0,0,0,0,0,3,0,0,1,0,1,0,0,1,0,0,2,0,3,1,0,0,0,0,2,0,1,0,0,0,5
2025-05-16,0,0,0,0,0,0,3,6,0,0,0,0,0,0,0,0,1,0,0,1,0,0,1,0,0,0,0,0,1,0,0,0,0,0,0,0,0,0,0,0,0,0,0,0,1,2,0,0,0,2,0,1,2,0,5,1,0,0,0,0,0,0,2,0,0,0,1
2025-05-17,0,0,1,5,0,0,2,9,0,0,0,2,2,1,0,0,2,0,0,0,0,0,3,0,0,0,0,0,0,0,0,1,0,0,3,0,0,0,0,0,0,0,0,0,3,1,0,0,2,0,0,3,4,0,10,0,1,1,0,0,0,0,2,0,0,0,4
2025-05-18,0,0,0,3,0,0,2,3,0,0,0,0,0,1,0,0,3,0,3,0,0,0,0,3,0,0,0,0,0,3,0,0,0,0,3,0,0,0,0,0,0,0,0,0,1,2,0,2,0,0,1,0,3,0,3,0,1,0,0,0,1,0,1,0,0,0,2
2025-05-19,0,0,0,1,0,0,3,4,0,0,0,0,0,0,0,0,3,1,0,1,0,0,1,1,0,0,0,0,0,2,0,0,0,0,0,0,0,0,0,0,0,1,0,0,0,0,0,0,0,0,0,0,0,0,3,0,1,0,0,0,0,0,0,0,0,0,1
2025-05-20,0,0,2,3,0,0,8,4,0,1,0,0,2,1,0,0,2,0,0,1,0,0,0,2,1,0,0,0,0,0,0,0,0,0,4,0,0,0,0,0,0,1,0,0,1,2,0,0,0,0,0,1,2,0,5,0,0,0,0,0,0,1,0,0,0,0,1
2025-05-21,2,0,0,8,0,0,2,4,0,0,0,0,0,1,0,0,5,0,0,1,1,0,2,3,1,0,0,0,0,2,0,0,0,0,0,0,0,1,0,2,0,4,0,0,5,0,0,1,0,5,0,0,3,0,7,0,1,1,0,1,2,0,4,0,0,0,3
2025-05-22,0,0,0,1,0,0,4,5,0,0,0,0,2,0,0,0,5,0,0,1,0,0,3,1,0,0,0,0,3,2,0,0,0,0,2,0,0,1,0,2,0,0,0,0,2,0,1,1,1,2,0,2,2,0,4,0,0,0,0,0,1,0,1,0,0,0,1
2025-05-23,0,0,0,8,0,1,6,13,0,0,0,0,0,0,0,0,4,0,1,1,0,0,3,6,0,0,0,0,1,5,0,0,0,4,4,0,0,0,0,0,0,0,0,0,7,3,0,0,1,1,0,3,7,0,6,0,3,0,0,0,1,0,4,0,0,0,2
2025-05-24,1,0,0,7,0,0,9,9,0,1,0,2,0,0,0,0,6,0,1,0,0,0,1,5,0,0,0,0,0,1,0,0,0,2,3,0,1,0,0,1,0,2,0,0,4,3,0,2,1,1,1,2,4,0,3,0,0,0,0,0,1,0,0,0,0,0,2
2025-05-25,0,0,0,11,0,0,5,3,0,0,0,0,0,0,0,0,5,1,0,3,0,0,5,1,0,0,0,0,1,1,0,0,0,1,2,0,0,0,0,0,0,1,0,0,2,0,1,1,1,0,0,1,6,0,5,0,1,0,0,0,2,0,3,0,0,0,3
2025-05-26,1,0,0,10,0,0,2,5,1,1,0,0,0,0,0,0,8,0,0,1,0,0,1,1,0,0,0,0,0,1,0,0,0,0,3,0,1,0,0,0,0,0,0,0,6,1,0,1,0,1,0,0,1,0,1,0,1,0,0,0,1,0,2,0,0,0,2
2025-05-27,0,0,0,3,0,0,2,9,0,0,0,0,0,0,0,0,9,1,1,0,0,0,3,1,0,0,0,0,0,1,0,0,0,0,1,0,0,0,0,0,0,3,0,0,4,2,0,0,0,0,0,3,2,0,7,0,1,0,0,0,0,1,1,0,0,0,2
2025-05-28,1,0,1,5,0,0,5,4,0,0,0,0,0,0,0,0,1,1,0,1,0,0,3,1,0,0,0,0,0,1,0,0,0,0,1,0,0,1,0,0,0,1,0,0,3,1,0,0,0,1,0,0,4,0,8,0,0,1,0,0,0,0,1,0,0,0,3
2025-05-29,0,0,0,3,0,0,8,5,0,0,0,0,0,0,0,0,6,1,0,3,0,0,3,1,0,0,0,0,0,3,0,0,0,0,4,0,1,0,0,0,0,4,0,0,3,0,0,1,1,0,0,0,2,0,5,0,0,2,0,0,0,0,5,0,0,0,2
2025-05-30,0,0,0,6,0,0,6,0,0,1,0,0,0,0,0,0,10,0,0,0,0,1,3,1,1,1,0,1,0,2,0,0,0,1,3,0,0,3,0,1,0,4,0,0,2,3,0,2,1,2,0,3,3,0,8,0,1,0,0,0,1,1,0,0,0,0,3
2025-05-31,1,0,2,6,0,0,5,4,0,0,0,1,0,0,0,0,3,0,0,1,0,0,1,1,0,0,0,0,0,4,0,0,0,0,1,0,0,1,0,0,0,1,0,0,2,0,0,2,0,1,0,2,2,0,2,0,1,2,0,0,1,0,1,0,0,0,3
2025-06-01,0,0,0,7,0,0,8,6,0,0,0,0,0,0,0,0,2,0,1,1,0,0,2,4,0,0,0,0,0,0,0,0,0,0,2,0,0,1,0,0,0,2,0,0,3,1,0,0,0,0,0,1,3,0,5,0,0,1,0,0,0,0,0,0,0,0,2
2025-06-02,0,0,2,8,0,0,3,9,0,0,0,2,0,1,0,0,2,0,1,1,0,0,1,1,1,1,0,0,0,1,0,0,0,1,6,0,0,2,0,0,0,3,0,0,2,0,0,0,1,5,0,0,3,0,3,0,0,0,0,0,2,0,3,0,0,0,0
2025-06-03,1,0,0,5,0,0,12,9,0,0,0,0,0,1,0,0,4,0,0,1,0,0,1,2,0,0,0,1,0,1,0,0,0,0,3,0,0,1,0,0,0,6,0,0,3,1,0,1,1,0,0,3,7,0,4,0,0,0,0,0,1,0,1,0,0,0,1
2025-06-04,3,0,0,7,0,0,7,7,1,0,0,0,0,0,0,0,6,0,1,3,0,0,4,1,1,0,0,0,0,0,0,0,0,0,3,0,0,1,0,0,0,0,0,0,5,1,0,1,1,1,0,0,3,0,8,0,2,1,0,0,0,0,2,0,0,0,1
2025-06-05,2,0,2,5,0,1,5,5,0,1,0,1,0,0,0,0,3,0,0,3,0,0,2,0,1,0,0,0,0,1,0,0,0,0,3,0,0,1,0,0,0,1,0,0,9,2,0,0,1,0,0,1,2,0,3,0,1,2,0,0,1,1,1,0,0,0,3
2025-06-06,0,0,0,7,0,0,10,5,0,1,0,0,0,0,0,0,7,0,2,0,0,0,1,1,0,0,0,0,0,0,0,0,0,0,2,0,0,0,0,0,0,2,0,0,5,1,0,0,1,0,0,8,3,0,6,1,2,1,0,0,4,0,2,0,0,0,4
2025-06-07,0,0,1,7,0,0,8,5,1,0,0,0,0,0,0,0,1,0,0,1,0,0,2,2,0,0,0,0,0,1,0,0,0,0,2,0,0,2,0,0,0,1,0,0,4,1,0,1,2,0,0,1,5,0,6,0,2,0,0,0,1,0,0,0,0,0,4
2025-06-08,1,0,1,10,0,0,3,2,0,0,0,0,1,1,0,0,4,1,0,0,0,0,2,4,0,0,0,0,0,0,0,0,0,0,2,0,0,1,0,0,0,3,0,0,0,0,0,1,2,0,1,0,2,0,3,0,1,0,0,0,0,1,3,0,0,0,2
2025-06-09,0,0,0,7,0,0,9,5,1,0,0,0,0,0,0,0,4,0,0,2,0,0,1,2,0,0,0,0,0,2,0,0,0,0,2,0,0,1,0,1,0,1,0,0,1,1,0,1,0,1,0,1,1,0,8,0,0,2,0,0,2,0,3,0,0,0,0
2025-06-10,0,0,0,5,0,0,3,6,1,1,0,0,0,0,0,0,8,0,0,2,0,0,1,3,0,0,0,0,0,2,0,0,0,1,1,0,0,1,0,1,0,2,0,0,7,0,0,0,1,1,0,1,7,0,5,0,1,0,0,0,4,0,2,0,0,0,2
2025-06-11,0,0,0,4,1,1,4,3,0,0,0,0,0,0,0,0,1,0,0,0,0,0,0,1,0,0,0,0,0,1,0,0,0,0,0,0,0,2,0,0,0,2,0,0,1,3,0,0,0,0,0,1,1,0,4,0,1,1,0,0,1,0,0,0,0,0,3
2025-06-12,1,0,0,4,0,0,6,6,0,0,0,0,0,0,0,0,2,1,0,2,0,0,0,0,0,0,0,0,1,0,0,0,0,0,4,0,0,0,0,0,0,2,0,0,0,1,0,1,0,1,0,1,1,0,3,0,3,0,0,0,1,0,1,0,0,0,2
2025-06-13,0,0,0,4,0,0,6,1,0,0,0,0,0,0,0,0,2,0,1,0,0,0,1,3,1,0,0,1,0,2,0,0,0,0,2,0,0,1,0,0,0,0,0,0,1,1,0,0,1,0,0,3,1,0,3,0,1,0,0,0,2,0,2,0,0,0,0
2025-06-14,2,0,1,11,0,0,4,7,0,1,0,1,1,0,0,0,7,0,0,1,0,0,4,2,0,0,0,0,0,0,0,0,0,0,3,0,0,0,0,0,0,2,0,0,0,0,0,0,0,2,0,1,4,0,1,0,0,0,0,0,4,1,1,0,0,0,1
2025-06-15,0,0,1,4,0,0,2,9,0,0,0,2,0,0,0,0,5,0,1,0,0,0,3,0,0,0,0,0,1,6,0,0,0,0,3,0,0,0,0,0,0,1,0,0,2,0,0,2,0,1,0,1,1,0,5,0,1,1,0,0,1,0,1,0,0,0,1
2025-06-16,1,0,0,2,0,0,3,6,0,0,0,0,0,0,1,0,8,1,0,0,0,0,2,1,1,0,0,0,0,3,0,1,0,2,0,0,0,1,0,0,0,1,0,0,1,1,0,0,0,0,0,0,3,0,3,0,2,0,0,0,0,0,1,0,0,0,2
2025-06-17,0,0,0,4,0,0,6,3,0,0,0,0,0,0,0,0,4,0,0,1,0,0,3,3,0,0,0,0,0,5,0,0,0,0,2,0,0,0,0,0,0,0,0,0,6,0,0,1,0,0,0,1,2,0,2,0,0,0,0,0,2,0,0,0,0,0,1
2025-06-18,0,0,0,2,0,0,2,5,1,0,0,0,0,0,0,0,9,0,0,0,0,0,3,1,0,0,0,0,0,1,0,0,0,0,0,0,1,0,0,0,0,2,0,0,0,2,0,1,1,2,0,2,0,0,7,0,0,0,0,0,0,1,2,0,0,0,1
2025-06-19,0,0,0,4,0,0,3,5,0,0,0,1,0,0,0,0,3,0,0,0,0,0,0,0,0,0,0,0,0,4,0,0,0,0,0,0,0,0,0,1,0,4,0,0,3,1,1,0,0,0,0,1,0,0,2,0,0,0,0,0,1,0,0,0,0,0,2
2025-06-20,0,0,0,3,0,0,5,5,0,0,0,0,0,1,0,0,7,0,0,3,0,1,1,3,0,1,0,0,0,1,0,0,0,1,2,0,0,0,0,0,0,1,0,0,3,0,0,0,0,0,0,1,0,0,2,0,0,0,0,0,1,2,2,0,0,1,2
2025-06-21,0,0,0,9,0,1,8,4,0,0,0,0,0,1,0,0,7,0,0,1,0,0,1,3,0,0,0,0,1,1,0,0,0,0,1,0,0,2,0,0,0,2,0,0,2,1,0,0,1,3,0,2,4,0,5,0,2,0,0,0,3,0,4,0,0,0,6
2025-06-22,1,0,0,4,0,0,8,5,1,1,0,0,0,0,0,0,11,0,0,2,0,0,2,0,0,0,0,0,0,7,0,0,0,0,3,0,0,0,0,0,0,5,0,0,2,1,0,1,0,0,0,3,4,0,5,0,0,0,0,0,4,0,1,0,0,0,0
2025-06-23,0,0,1,11,0,0,5,6,0,2,0,1,0,1,0,0,13,0,1,2,0,0,1,1,0,0,0,0,0,1,0,0,0,0,3,0,0,0,0,0,0,3,0,0,0,1,0,1,0,1,0,0,6,0,5,1,0,0,0,0,1,0,5,0,0,0,1
2025-06-24,1,0,0,1,0,0,8,3,0,0,0,0,0,0,0,0,1,1,1,1,0,0,1,4,0,0,0,0,0,4,0,0,0,0,3,0,1,1,0,0,0,4,0,0,3,5,0,1,1,0,0,3,3,0,4,0,2,1,0,0,0,0,1,0,0,0,2
2025-06-25,0,0,0,4,0,1,8,8,0,1,0,1,0,0,0,0,8,0,0,2,0,0,2,1,0,0,0,1,0,5,0,0,0,1,2,0,1,0,0,0,0,2,0,0,3,2,0,0,0,0,0,5,3,0,4,0,1,0,0,1,3,0,2,0,0,0,1
2025-06-26,1,0,0,6,0,0,8,9,0,0,0,0,0,1,0,0,4,2,0,2,0,0,0,2,0,0,0,0,0,2,0,0,0,0,1,0,0,0,1,0,0,3,0,0,3,1,0,0,3,2,0,0,4,0,5,0,0,0,0,0,2,0,1,1,0,0,1
2025-06-27,0,0,0,4,0,0,14,5,2,2,0,0,0,0,0,0,5,0,0,1,0,0,3,4,0,0,0,0,1,6,0,0,0,2,1,0,0,0,1,0,0,1,0,0,7,0,1,0,1,1,0,2,6,0,4,0,1,1,0,0,1,0,5,0,0,0,2
2025-06-28,1,0,0,4,0,1,5,4,0,0,0,0,0,1,0,0,7,0,0,2,0,0,2,6,0,0,0,0,0,4,0,0,0,0,3,0,0,1,0,0,0,2,0,0,1,1,0,4,2,4,0,1,0,0,10,0,0,0,0,0,3,0,1,0,0,0,3
2025-06-29,0,0,0,5,0,0,11,5,1,0,0,0,0,0,0,0,8,0,0,3,0,0,2,0,0,0,0,0,0,5,0,0,0,0,6,0,0,1,0,0,0,1,0,0,0,0,0,0,1,0,0,2,2,0,4,0,1,0,0,0,4,0,1,0,0,0,0
2025-06-30,0,0,1,4,0,0,8,6,0,3,0,1,0,0,0,0,3,1,1,0,0,0,1,0,1,0,0,0,0,2,0,0,0,0,4,0,0,0,0,0,0,1,0,0,1,1,0,2,1,1,0,0,2,0,3,0,1,0,0,0,1,0,0,0,0,0,2
2025-07-01,2,0,0,1,0,0,6,1,1,0,0,0,1,1,0,0,7,0,0,2,0,0,2,5,0,0,0,0,0,4,0,0,0,0,3,0,0,2,0,1,0,3,0,0,2,1,0,2,1,3,1,3,5,0,6,0,0,0,0,0,0,0,1,0,0,1,1
2025-07-02,0,0,1,3,0,0,8,5,1,0,0,0,0,0,0,0,11,0,0,2,0,0,1,0,1,0,0,0,0,1,0,0,0,1,5,0,0,0,0,0,0,0,0,0,5,0,0,0,1,3,0,3,0,0,4,0,2,1,0,0,4,1,1,0,0,0,2
2025-07-03,0,0,0,5,0,0,8,7,1,0,0,0,0,0,0,0,10,1,0,2,0,0,0,3,0,0,0,0,1,4,0,0,0,0,2,0,0,1,0,0,0,0,0,0,0,1,0,0,1,1,0,0,3,0,3,0,0,0,0,0,1,0,1,0,0,0,1
2025-07-04,0,0,0,2,0,0,7,5,0,1,0,0,0,0,0,0,7,0,0,3,0,0,2,2,0,0,0,1,0,4,0,0,0,0,3,0,0,0,0,0,0,2,0,0,0,3,0,1,1,3,0,2,4,0,8,1,3,0,0,0,2,0,2,0,0,0,6
2025-07-05,1,0,0,5,0,1,9,3,0,2,0,0,0,1,0,0,3,1,0,0,0,0,2,5,0,0,0,0,0,3,0,0,0,0,3,0,0,0,0,0,0,0,0,0,0,1,0,0,0,2,0,0,1,1,3,0,0,0,0,0,3,0,3,0,0,0,2
2025-07-06,1,0,0,1,0,0,9,5,1,0,0,0,0,0,0,0,5,2,1,1,0,0,2,2,0,0,0,0,0,2,0,0,0,0,2,0,1,0,0,1,0,0,0,0,2,2,0,1,2,2,0,1,5,0,6,0,3,1,0,0,0,0,2,0,0,0,4
2025-07-07,0,0,0,6,0,0,9,11,0,1,0,0,0,2,0,0,5,1,0,1,0,0,0,3,0,0,0,0,0,3,0,0,0,0,3,0,0,2,0,0,0,1,0,0,0,1,0,2,0,0,0,1,5,0,5,2,1,0,0,0,3,0,1,0,0,0,1
2025-07-08,0,0,1,4,0,0,7,6,0,0,0,1,0,0,0,0,8,0,0,2,0,0,1,2,0,0,0,0,1,5,0,0,0,1,5,0,0,1,0,0,0,2,0,0,2,1,0,0,1,1,0,1,4,1,5,1,0,0,0,0,0,0,2,0,0,0,3
2025-07-09,0,0,0,3,0,0,10,6,0,2,0,1,0,0,0,0,9,0,1,2,0,0,3,2,0,0,0,0,0,4,0,0,0,0,4,0,1,0,0,0,0,2,0,0,1,2,0,0,0,1,0,2,6,0,5,1,1,0,0,0,2,0,1,0,0,1,0
2025-07-10,1,0,1,6,0,0,5,7,1,0,0,1,0,0,0,0,3,0,0,3,0,0,2,2,0,0,0,0,0,5,0,0,0,0,7,0,1,2,0,0,0,1,0,0,4,2,0,0,2,1,0,0,4,0,3,1,1,0,0,0,3,0,0,0,0,0,2
2025-07-11,1,0,1,5,0,0,6,5,1,0,0,2,0,1,0,0,2,0,0,5,0,0,0,1,0,0,0,0,0,3,0,0,0,0,3,0,0,0,0,0,0,3,0,0,1,0,0,0,2,1,0,4,5,1,5,0,1,0,0,0,3,0,1,0,0,0,3
2025-07-12,0,0,0,8,0,0,4,4,0,0,0,0,0,1,0,0,11,0,1,2,0,0,2,3,0,0,0,0,0,2,0,0,0,0,2,0,0,0,0,0,0,1,0,1,1,1,0,0,0,1,0,3,5,0,7,0,2,0,0,0,2,0,1,1,0,0,3
2025-07-13,1,0,0,8,0,0,11,3,0,0,0,1,0,1,0,0,4,0,0,1,0,0,2,3,0,0,0,0,0,5,0,0,0,0,3,0,0,0,0,1,0,3,0,0,2,0,0,2,2,4,1,1,5,0,8,0,0,0,0,0,1,0,0,0,0,1,1
2025-07-14,0,0,1,4,0,0,8,6,0,0,0,0,0,0,0,0,7,0,1,0,1,0,0,2,0,0,0,0,0,1,0,0,0,1,2,0,0,1,0,0,0,0,0,0,0,0,0,0,0,1,0,1,3,0,4,0,2,0,0,1,0,0,1,0,0,0,5
2025-07-15,0,0,0,8,0,0,12,6,0,0,0,2,0,0,0,0,6,1,0,1,0,0,2,1,0,0,0,1,0,4,0,0,0,1,3,0,0,1,0,0,0,4,0,0,2,1,1,0,1,3,0,6,1,0,6,1,1,0,0,0,0,0,3,0,0,6,7
2025-07-16,0,0,0,6,0,0,9,0,0,1,0,1,2,1,0,0,5,0,0,1,0,0,2,4,0,0,0,0,1,2,0,0,0,0,2,0,0,1,0,2,0,5,0,0,3,2,0,0,0,2,0,3,2,0,4,0,0,0,0,0,2,0,0,0,0,0,5
2025-07-17,1,0,0,9,0,0,16,5,0,0,0,0,0,0,0,0,8,0,0,4,0,0,2,1,1,0,0,0,0,1,0,1,0,0,3,0,0,1,0,0,0,4,0,0,4,1,0,0,0,1,0,1,4,0,2,0,1,0,0,0,1,0,2,0,0,0,5
2025-07-18,0,0,0,5,0,0,9,10,0,0,0,0,0,0,0,0,7,1,0,2,1,0,4,1,1,0,0,0,0,3,0,0,0,0,5,0,0,2,0,0,0,2,0,0,3,2,0,0,0,1,0,2,1,0,4,1,2,1,0,1,3,1,1,0,0,0,3
2025-07-19,0,0,2,8,0,0,12,11,0,0,0,1,0,0,0,0,4,0,0,1,0,0,3,2,0,0,0,0,0,5,0,0,0,0,5,0,0,1,0,0,0,2,0,0,0,0,0,0,4,0,0,0,2,0,7,0,2,1,1,0,2,0,4,0,0,0,1
2025-07-20,2,0,0,6,0,0,8,6,0,0,0,0,0,0,0,0,7,1,0,0,0,0,1,3,0,0,0,0,0,5,0,0,0,0,5,1,0,0,0,1,0,0,0,0,1,0,0,0,2,0,0,0,7,0,10,0,0,1,0,0,1,0,0,0,0,0,4
2025-07-21,2,0,1,6,0,0,18,4,2,1,0,0,0,0,0,0,8,0,0,1,0,0,0,3,1,0,0,0,1,10,0,1,0,0,4,0,0,1,0,0,0,4,0,0,2,1,0,0,1,3,0,4,2,0,7,0,1,1,0,1,3,0,2,0,0,0,4
2025-07-22,1,0,0,6,0,0,13,7,0,0,0,0,0,1,0,0,5,0,1,2,0,0,0,3,0,0,0,0,0,4,0,0,0,2,2,0,1,1,0,0,0,1,0,1,2,2,0,0,1,2,0,1,8,0,8,0,0,0,0,0,1,2,1,0,0,0,4
2025-07-23,0,0,0,6,0,0,13,4,1,0,0,0,0,0,0,0,6,0,0,1,0,0,1,3,0,0,0,0,1,3,0,0,0,0,0,0,0,1,0,1,0,0,0,0,3,1,0,0,0,0,0,1,6,0,8,0,0,1,0,0,1,1,2,0,0,0,1
2025-07-24,0,0,1,5,0,0,11,6,0,0,0,0,1,0,0,0,8,0,0,1,0,0,3,1,0,0,0,0,0,6,0,0,0,0,4,0,0,0,0,0,0,1,0,0,0,1,0,1,0,0,0,3,5,0,7,0,1,1,0,0,2,0,1,0,0,0,2
2025-07-25,2,0,1,4,0,1,15,6,0,0,0,1,0,0,0,0,6,0,0,0,1,0,0,2,0,0,0,0,0,1,0,0,0,2,2,0,0,1,0,1,0,2,0,0,3,1,0,1,0,0,0,3,4,0,10,0,0,0,0,1,2,1,1,0,0,0,3
2025-07-26,1,0,0,6,0,0,8,1,0,0,0,0,0,0,0,0,7,1,0,0,0,0,1,0,1,0,0,0,0,5,0,0,0,0,3,0,0,0,0,0,0,5,0,0,1,1,0,0,0,2,1,2,5,0,5,0,2,0,0,0,0,0,2,0,0,1,1
2025-07-27,1,0,0,5,0,0,10,5,0,0,0,1,0,0,0,0,8,0,0,0,0,0,3,1,0,0,0,0,0,4,0,0,0,0,4,0,0,1,0,1,0,1,0,0,0,0,0,0,1,1,0,0,3,0,8,0,2,0,0,0,0,0,3,0,0,0,2
2025-07-28,0,0,0,4,0,0,14,3,1,1,0,0,1,1,0,0,7,0,0,0,0,0,3,0,0,0,0,0,0,3,0,0,0,1,2,0,1,0,0,1,0,1,0,0,4,1,0,1,1,0,0,1,7,0,4,0,1,0,1,0,2,0,3,0,0,0,2
2025-07-29,0,0,1,5,0,0,16,5,0,1,0,0,0,1,0,0,9,0,1,0,0,0,3,2,0,0,0,0,3,4,0,0,0,0,6,0,0,0,0,0,0,4,0,0,3,0,0,0,1,1,0,0,4,0,6,0,0,1,0,0,0,0,1,0,0,0,1
2025-07-30,1,0,0,5,0,0,15,4,0,0,0,0,2,1,1,0,5,0,0,1,0,1,1,5,0,0,0,0,1,7,0,0,0,0,2,0,0,1,0,0,0,0,0,0,3,0,0,2,0,3,0,0,2,0,4,1,0,1,0,0,3,0,0,0,0,0,3
2025-07-31,0,0,1,7,0,0,20,4,1,0,0,1,0,0,1,0,9,1,0,1,0,0,2,2,1,0,0,0,0,7,0,0,0,1,5,0,1,1,0,0,0,3,0,0,1,0,0,1,2,3,0,1,3,0,9,0,1,0,0,0,1,0,1,0,0,0,4
2025-08-01,0,0,0,7,0,0,10,8,0,1,0,0,0,0,0,0,7,0,0,0,0,0,4,4,0,1,0,0,0,4,0,0,0,1,4,0,0,0,0,0,0,4,0,0,5,0,0,1,0,0,0,1,3,0,6,0,3,1,0,0,1,0,3,0,0,0,0
2025-08-02,1,0,0,13,0,0,15,6,0,0,0,0,0,1,0,0,5,0,1,0,0,0,1,0,0,0,0,1,0,3,0,1,0,0,2,0,0,0,0,0,0,0,0,0,2,0,2,1,0,1,0,2,4,0,3,0,1,0,0,0,1,0,2,0,0,0,3
2025-08-03,0,0,0,3,0,0,16,4,1,0,0,0,1,0,0,0,6,0,1,2,0,1,4,2,0,0,0,0,1,2,0,0,0,0,5,0,0,1,0,1,0,2,0,0,1,1,0,1,0,1,1,1,4,0,10,0,1,0,0,0,0,0,0,0,0,0,4
2025-08-04,0,0,0,0,0,0,17,4,0,0,0,0,0,0,0,0,3,0,0,1,0,0,1,1,0,0,0,0,0,4,0,0,0,0,1,0,1,0,0,1,0,1,0,0,1,2,0,0,2,1,0,1,4,0,2,0,0,0,0,0,3,1,3,0,0,0,0
2025-08-05,0,0,1,4,0,0,12,9,1,0,0,2,0,1,0,0,9,1,1,2,0,0,3,0,0,0,0,0,0,3,0,0,0,1,7,0,0,0,0,1,0,2,0,0,3,2,0,0,1,2,0,0,3,0,6,1,3,1,0,0,2,1,3,0,0,0,2
2025-08-06,1,0,0,5,0,0,15,4,0,0,0,1,0,0,0,0,7,2,1,0,0,0,3,3,0,0,0,0,0,7,0,0,0,0,5,0,0,0,0,1,0,1,0,0,1,1,0,0,0,0,0,0,3,0,5,0,0,0,0,0,2,0,2,0,0,0,2
2025-08-07,2,0,3,10,0,1,13,7,0,1,0,2,0,0,0,0,5,0,1,1,0,0,6,3,0,0,0,1,0,6,0,0,0,0,6,0,0,0,0,0,0,1,0,0,7,1,0,0,1,1,0,0,4,0,5,1,1,0,0,0,1,1,1,0,0,0,2
2025-08-08,1,0,0,3,0,0,18,7,0,0,0,0,0,0,0,0,5,1,2,0,0,0,1,2,0,0,0,0,0,8,0,0,0,0,2,0,0,1,0,0,0,0,0,0,3,0,0,0,0,1,0,3,4,0,4,0,2,0,0,0,1,0,1,0,0,0,3
2025-08-09,1,0,3,7,0,1,6,6,0,1,0,2,0,1,0,0,5,2,1,0,0,0,0,2,0,0,0,0,0,4,0,1,0,0,5,0,0,1,0,0,0,2,0,0,4,1,0,1,0,2,0,0,1,0,1,0,1,1,0,0,2,0,1,0,0,0,4
2025-08-10,0,0,0,9,0,0,22,1,0,0,0,1,0,0,0,0,9,0,0,1,0,0,1,0,1,0,0,1,0,1,0,0,0,2,2,0,0,0,0,2,0,3,0,0,2,1,0,0,1,0,0,2,3,2,4,0,2,0,0,0,0,0,1,0,0,1,1
2025-08-11,0,0,0,11,0,0,10,2,0,1,0,0,0,0,0,0,9,1,0,0,0,0,2,0,0,0,0,0,1,6,0,1,0,0,2,0,0,0,0,0,0,3,0,0,2,0,0,0,0,0,1,0,2,0,0,0,1,0,0,0,2,0,7,0,0,0,1
2025-08-12,1,0,0,5,0,0,12,5,0,0,0,0,0,0,0,0,10,0,1,2,0,0,3,1,0,0,0,0,0,4,0,2,0,1,0,0,0,0,0,0,0,4,0,0,1,1,1,2,1,2,0,0,2,0,8,0,3,0,0,0,0,0,1,0,0,0,6
2025-08-13,2,0,0,0,0,0,10,10,0,0,0,0,1,2,0,0,9,0,0,0,0,0,0,0,0,0,0,0,0,7,0,0,0,1,2,0,0,0,0,0,0,1,0,0,1,0,0,0,0,1,0,2,3,1,1,0,0,0,1,0,1,1,0,0,0,0,0
2025-08-14,2,0,1,8,0,0,16,11,0,0,0,0,0,1,0,0,2,1,1,0,0,0,0,2,0,0,0,0,0,5,0,0,0,0,3,0,0,0,0,1,0,2,0,0,3,0,0,1,3,0,0,0,2,0,4,1,2,2,1,0,1,0,3,0,0,0,4
2025-08-15,1,0,0,6,0,0,17,8,0,1,0,2,2,1,0,0,5,0,0,0,0,1,1,1,0,0,0,2,0,4,0,2,0,1,5,0,0,1,1,0,0,2,0,0,5,1,0,0,0,0,1,1,2,0,5,1,1,0,0,0,3,0,1,0,0,0,3
2025-08-16,0,0,0,9,0,0,12,5,0,0,0,1,1,0,0,0,9,0,0,1,0,0,7,1,0,0,0,0,0,8,0,0,0,0,7,0,0,3,0,0,0,4,0,0,1,0,2,0,0,1,1,0,5,0,3,0,1,0,0,0,4,3,2,0,0,0,3
2025-08-17,0,0,1,7,0,0,11,4,0,0,0,1,0,1,0,0,11,0,0,2,0,0,2,0,0,0,0,0,0,12,0,0,0,1,3,0,0,0,0,0,0,2,0,0,1,1,0,1,1,1,0,3,7,0,7,0,4,1,0,0,1,1,2,0,0,0,6
2025-08-18,0,0,0,5,1,0,6,5,0,0,0,0,0,1,0,0,3,1,0,1,0,0,2,2,1,0,0,0,0,0,0,0,0,0,5,0,0,0,1,0,0,2,0,0,2,0,0,0,0,0,1,0,4,0,5,0,0,1,0,0,1,0,2,0,0,0,0
2025-08-19,2,0,2,10,0,1,13,7,0,1,0,1,0,1,0,0,10,0,0,4,0,0,1,4,0,0,0,1,0,4,0,0,0,1,5,0,0,1,0,1,0,1,1,0,4,1,0,0,2,1,0,5,5,0,8,0,3,1,0,0,3,0,1,0,0,0,3
2025-08-20,0,0,0,1,0,0,21,6,0,2,0,0,0,0,0,0,7,0,0,0,0,0,1,0,0,0,0,1,0,5,0,0,0,1,1,0,0,3,0,0,0,3,0,0,4,0,0,1,2,1,0,2,5,0,14,0,2,1,0,0,2,0,0,0,0,0,4
2025-08-21,1,0,0,3,0,0,12,5,1,1,0,0,0,0,0,0,8,0,0,0,0,0,4,3,0,0,0,0,1,3,0,0,0,0,4,0,0,1,0,0,0,1,0,0,1,1,0,2,0,3,0,0,1,0,5,0,1,0,0,0,0,1,4,0,0,0,2
2025-08-22,2,0,2,2,0,0,19,6,0,0,0,0,0,1,0,0,15,0,2,3,0,0,2,7,0,0,0,0,0,8,0,0,0,0,1,0,0,1,0,0,0,0,0,0,5,1,0,0,0,2,0,2,2,0,2,0,3,0,0,0,4,1,1,0,0,0,3
2025-08-23,1,0,0,4,0,0,10,5,0,0,0,0,0,0,0,0,7,0,1,1,0,0,1,1,0,0,0,0,0,3,0,0,0,0,0,1,1,0,0,0,0,2,0,0,5,3,0,0,2,2,0,1,2,0,2,0,1,1,0,0,1,0,4,0,0,0,2
2025-08-24,0,0,0,7,0,0,16,5,0,0,0,0,0,1,0,0,6,0,0,1,0,0,2,1,0,0,0,0,1,2,0,0,0,0,1,0,0,0,0,0,0,2,0,0,3,1,0,1,0,0,0,1,6,0,5,1,1,2,0,0,2,0,1,0,0,0,4
2025-08-25,0,0,0,5,0,0,16,8,0,1,0,0,0,0,0,0,12,0,3,0,1,0,3,2,0,0,0,0,0,6,0,0,0,0,1,0,0,1,0,0,0,4,0,0,5,0,0,1,1,1,0,0,5,0,9,1,0,2,0,1,3,0,1,0,0,0,2
2025-08-26,0,0,0,5,0,0,19,4,1,0,0,0,1,0,0,0,12,0,0,0,0,0,3,1,0,0,0,0,0,8,0,1,0,0,3,0,0,1,0,0,0,3,0,0,6,0,0,0,0,2,0,0,3,1,9,0,1,1,0,0,2,0,2,0,0,0,6
2025-08-27,1,0,0,6,0,0,41,2,0,0,0,0,0,0,0,0,5,0,0,0,0,0,2,1,0,0,0,0,0,1,0,0,1,0,2,0,0,0,0,0,0,1,0,0,4,2,0,0,1,0,0,0,4,0,5,1,1,1,0,0,0,0,1,0,0,0,3
2025-08-28,0,0,0,5,0,0,42,7,0,0,0,0,0,1,0,0,4,1,0,1,0,0,2,1,0,0,0,0,0,8,0,0,0,0,3,0,0,0,0,0,0,1,0,0,6,2,0,0,1,1,0,0,3,1,4,0,1,0,0,0,1,1,1,0,0,0,2
2025-08-29,0,0,0,10,0,0,49,5,0,1,0,0,0,1,0,0,8,0,2,0,0,0,4,4,0,0,0,1,0,7,1,0,0,0,3,0,0,1,0,0,0,0,0,0,6,1,1,0,1,1,0,1,5,0,7,0,3,0,0,0,0,0,2,0,0,0,5
2025-08-30,0,0,1,2,0,0,39,6,0,0,0,0,0,1,0,0,10,0,0,2,0,0,0,1,1,0,0,0,0,5,0,0,0,0,3,0,0,1,0,0,0,0,0,0,3,0,0,1,0,3,1,3,5,0,6,0,0,0,0,0,0,0,0,0,0,0,4
2025-08-31,3,0,2,8,0,0,43,9,2,1,0,2,0,2,1,0,7,1,0,2,0,0,5,0,0,0,0,0,1,9,0,2,0,2,3,0,1,3,0,0,0,2,2,0,5,2,0,3,1,0,1,0,5,0,5,0,1,1,0,1,1,0,2,0,0,0,2
2025-09-01,1,0,0,2,0,0,37,7,1,0,0,0,0,0,0,0,12,1,1,2,0,0,3,0,0,0,0,0,0,4,0,1,0,1,6,0,0,0,0,0,0,2,0,0,2,0,0,1,2,1,0,1,8,0,3,0,0,0,0,0,2,0,2,0,0,0,3
2025-09-02,1,0,1,2,0,0,36,6,0,0,0,1,0,0,0,0,5,0,0,0,0,0,1,3,0,0,0,0,0,6,0,0,0,0,0,0,0,0,0,0,0,1,0,0,5,1,0,0,0,0,0,1,3,0,5,0,3,0,0,0,3,0,0,0,0,0,6
2025-09-03,3,0,2,3,0,0,41,12,0,1,0,1,0,0,0,0,8,0,0,1,0,0,2,1,0,0,0,0,0,6,0,0,0,0,7,0,0,0,0,1,0,1,0,0,3,2,1,0,0,0,0,1,7,0,8,0,0,0,1,0,2,0,4,0,0,0,6
